,year,state,state_po,state_fips,state_cen,state_ic,office,candidate,party_detailed,writein,candidatevotes,totalvotes,version,notes,party_simplified
0,1976,ALABAMA,AL,1,63,41,US PRESIDENT,"CARTER, JIMMY",DEMOCRAT,False,659170,1182850,20210113,,DEMOCRAT
8,1976,ALASKA,AK,2,94,81,US PRESIDENT,"CARTER, JIMMY",DEMOCRAT,False,44058,123574,20210113,,DEMOCRAT
12,1976,ARIZONA,AZ,4,86,61,US PRESIDENT,"CARTER, JIMMY",DEMOCRAT,False,295602,742719,20210113,,DEMOCRAT
19,1976,ARKANSAS,AR,5,71,42,US PRESIDENT,"CARTER, JIMMY",DEMOCRAT,False,498604,767535,20210113,,DEMOCRAT
24,1976,CALIFORNIA,CA,6,93,71,US PRESIDENT,"CARTER, JIMMY",DEMOCRAT,False,3742284,7803770,20210113,,DEMOCRAT
31,1976,COLORADO,CO,8,84,62,US PRESIDENT,"CARTER, JIMMY",DEMOCRAT,False,460801,1081440,20210113,,DEMOCRAT
39,1976,CONNECTICUT,CT,9,16,1,US PRESIDENT,"CARTER, JIMMY",DEMOCRAT,False,647895,1386355,20210113,,DEMOCRAT
43,1976,DELAWARE,DE,10,51,11,US PRESIDENT,"CARTER, JIMMY",DEMOCRAT,False,122461,235642,20210113,,DEMOCRAT
50,1976,DISTRICT OF COLUMBIA,DC,11,53,55,US PRESIDENT,"CARTER, JIMMY",DEMOCRAT,False,137818,168830,20210113,,DEMOCRAT
55,1976,FLORIDA,FL,12,59,43,US PRESIDENT,"CARTER, JIMMY",DEMOCRAT,False,1636000,3150631,20210113,,DEMOCRAT
60,1976,GEORGIA,GA,13,58,44,US PRESIDENT,"CARTER, JIMMY",DEMOCRAT,False,979409,1463152,20210113,,DEMOCRAT
62,1976,HAWAII,HI,15,95,82,US PRESIDENT,"CARTER, JIMMY",DEMOCRAT,False,147375,291301,20210113,,DEMOCRAT
66,1976,IDAHO,ID,16,82,63,US PRESIDENT,"CARTER, JIMMY",DEMOCRAT,False,126549,340932,20210113,,DEMOCRAT
71,1976,ILLINOIS,IL,17,33,21,US PRESIDENT,"CARTER, JIMMY",DEMOCRAT,False,2271295,4721282,20210113,,DEMOCRAT
80,1976,INDIANA,IN,18,32,22,US PRESIDENT,"CARTER, JIMMY",DEMOCRAT,False,1014714,2220362,20210113,,DEMOCRAT
85,1976,IOWA,IA,19,42,31,US PRESIDENT,"CARTER, JIMMY",DEMOCRAT,False,619931,1279303,20210113,,DEMOCRAT
96,1976,KANSAS,KS,20,47,32,US PRESIDENT,"CARTER, JIMMY",DEMOCRAT,False,430421,957845,20210113,,DEMOCRAT
102,1976,KENTUCKY,KY,21,61,51,US PRESIDENT,"CARTER, JIMMY",DEMOCRAT,False,615717,1167142,20210113,,DEMOCRAT
111,1976,LOUISIANA,LA,22,72,45,US PRESIDENT,"CARTER, JIMMY",DEMOCRAT,False,661365,1277383,20210113,,DEMOCRAT
119,1976,MAINE,ME,23,11,2,US PRESIDENT,"CARTER, JIMMY",DEMOCRAT,False,232279,482968,20210113,,DEMOCRAT
122,1976,MARYLAND,MD,24,52,52,US PRESIDENT,"CARTER, JIMMY",DEMOCRAT,False,759612,1432273,20210113,,DEMOCRAT
124,1976,MASSACHUSETTS,MA,25,14,3,US PRESIDENT,"CARTER, JIMMY",DEMOCRAT,False,1429475,2547558,20210113,,DEMOCRAT
134,1976,MICHIGAN,MI,26,34,23,US PRESIDENT,"CARTER, JIMMY",DEMOCRAT,False,1696714,3651590,20210113,,DEMOCRAT
141,1976,MINNESOTA,MN,27,41,33,US PRESIDENT,"CARTER, JIMMY",DEMOCRAT,False,1070440,1949931,20210113,,DEMOCRAT
153,1976,MISSISSIPPI,MS,28,64,46,US PRESIDENT,"CARTER, JIMMY",DEMOCRAT,False,381329,768390,20210113,,DEMOCRAT
160,1976,MISSOURI,MO,29,43,34,US PRESIDENT,"CARTER, JIMMY",DEMOCRAT,False,998387,1953600,20210113,,DEMOCRAT
165,1976,MONTANA,MT,30,81,64,US PRESIDENT,"CARTER, JIMMY",DEMOCRAT,False,149259,328734,20210113,,DEMOCRAT
168,1976,NEBRASKA,NE,31,46,35,US PRESIDENT,"CARTER, JIMMY",DEMOCRAT,False,233293,606749,20210113,,DEMOCRAT
173,1976,NEVADA,NV,32,88,65,US PRESIDENT,"CARTER, JIMMY",DEMOCRAT,False,92479,201876,20210113,,DEMOCRAT
178,1976,NEW HAMPSHIRE,NH,33,12,4,US PRESIDENT,"CARTER, JIMMY",DEMOCRAT,False,147645,339627,20210113,,DEMOCRAT
186,1976,NEW JERSEY,NJ,34,22,12,US PRESIDENT,"CARTER, JIMMY",DEMOCRAT,False,1444653,3014472,20210113,,DEMOCRAT
198,1976,NEW MEXICO,NM,35,85,66,US PRESIDENT,"CARTER, JIMMY",DEMOCRAT,False,201148,416590,20210113,,DEMOCRAT
203,1976,NEW YORK,NY,36,21,13,US PRESIDENT,"CARTER, JIMMY",DEMOCRAT,False,3244165,6668262,20210113,,DEMOCRAT
212,1976,NORTH CAROLINA,NC,37,56,47,US PRESIDENT,"CARTER, JIMMY",DEMOCRAT,False,927365,1677906,20210113,,DEMOCRAT
218,1976,NORTH DAKOTA,ND,38,44,36,US PRESIDENT,"CARTER, JIMMY",DEMOCRAT,False,136078,297308,20210113,,DEMOCRAT
228,1976,OHIO,OH,39,31,24,US PRESIDENT,"CARTER, JIMMY",DEMOCRAT,False,2009959,4110456,20210113,,DEMOCRAT
239,1976,OKLAHOMA,OK,40,73,53,US PRESIDENT,"CARTER, JIMMY",DEMOCRAT,False,532442,1092251,20210113,,DEMOCRAT
242,1976,OREGON,OR,41,92,72,US PRESIDENT,"CARTER, JIMMY",DEMOCRAT,False,490407,1029876,20210113,,DEMOCRAT
246,1976,PENNSYLVANIA,PA,42,23,14,US PRESIDENT,"CARTER, JIMMY",DEMOCRAT,False,2328677,4620787,20210113,,DEMOCRAT
254,1976,RHODE ISLAND,RI,44,15,5,US PRESIDENT,"CARTER, JIMMY",DEMOCRAT,False,227636,410584,20210113,,DEMOCRAT
260,1976,SOUTH CAROLINA,SC,45,57,48,US PRESIDENT,"CARTER, JIMMY",DEMOCRAT,False,450807,802583,20210113,,DEMOCRAT
266,1976,SOUTH DAKOTA,SD,46,45,37,US PRESIDENT,"CARTER, JIMMY",DEMOCRAT,False,147068,300678,20210113,,DEMOCRAT
270,1976,TENNESSEE,TN,47,62,54,US PRESIDENT,"CARTER, JIMMY",DEMOCRAT,False,825879,1476346,20210113,,DEMOCRAT
281,1976,TEXAS,TX,48,74,49,US PRESIDENT,"CARTER, JIMMY",DEMOCRAT,False,2082319,4071884,20210113,,DEMOCRAT
288,1976,UTAH,UT,49,87,67,US PRESIDENT,"CARTER, JIMMY",DEMOCRAT,False,182110,541218,20210113,,DEMOCRAT
296,1976,VERMONT,VT,50,13,6,US PRESIDENT,"CARTER, JIMMY",DEMOCRAT,False,77798,183902,20210113,,DEMOCRAT
302,1976,VIRGINIA,VA,51,54,40,US PRESIDENT,"CARTER, JIMMY",DEMOCRAT,False,813896,1697094,20210113,,DEMOCRAT
308,1976,WASHINGTON,WA,53,91,73,US PRESIDENT,"CARTER, JIMMY",DEMOCRAT,False,717323,1555534,20210113,,DEMOCRAT
318,1976,WEST VIRGINIA,WV,54,55,56,US PRESIDENT,"CARTER, JIMMY",DEMOCRAT,False,435864,750590,20210113,,DEMOCRAT
320,1976,WISCONSIN,WI,55,35,25,US PRESIDENT,"CARTER, JIMMY",DEMOCRAT,False,1040232,2101336,20210113,,DEMOCRAT
330,1976,WYOMING,WY,56,83,68,US PRESIDENT,"CARTER, JIMMY",DEMOCRAT,False,62239,156343,20210113,,DEMOCRAT
333,1980,ALABAMA,AL,1,63,41,US PRESIDENT,"CARTER, JIMMY",DEMOCRAT,False,636730,1341929,20210113,,DEMOCRAT
343,1980,ALASKA,AK,2,94,81,US PRESIDENT,"CARTER, JIMMY",DEMOCRAT,False,41842,158445,20210113,,DEMOCRAT
348,1980,ARIZONA,AZ,4,86,61,US PRESIDENT,"CARTER, JIMMY",DEMOCRAT,False,246843,873945,20210113,,DEMOCRAT
356,1980,ARKANSAS,AR,5,71,42,US PRESIDENT,"CARTER, JIMMY",DEMOCRAT,False,398041,837582,20210113,,DEMOCRAT
363,1980,CALIFORNIA,CA,6,93,71,US PRESIDENT,"CARTER, JIMMY",DEMOCRAT,False,3082943,8582938,20210113,,DEMOCRAT
370,1980,COLORADO,CO,8,84,62,US PRESIDENT,"CARTER, JIMMY",DEMOCRAT,False,368009,1184450,20210113,,DEMOCRAT
378,1980,CONNECTICUT,CT,9,16,1,US PRESIDENT,"CARTER, JIMMY",DEMOCRAT,False,541732,1406285,20210113,,DEMOCRAT
384,1980,DELAWARE,DE,10,51,11,US PRESIDENT,"CARTER, JIMMY",DEMOCRAT,False,105754,235668,20210113,,DEMOCRAT
388,1980,DISTRICT OF COLUMBIA,DC,11,53,55,US PRESIDENT,"CARTER, JIMMY",DEMOCRAT,False,130231,173889,20210113,,DEMOCRAT
398,1980,FLORIDA,FL,12,59,43,US PRESIDENT,"CARTER, JIMMY",DEMOCRAT,False,1419475,3686927,20210113,,DEMOCRAT
402,1980,GEORGIA,GA,13,58,44,US PRESIDENT,"CARTER, JIMMY",DEMOCRAT,False,890955,1596805,20210113,,DEMOCRAT
406,1980,HAWAII,HI,15,95,82,US PRESIDENT,"CARTER, JIMMY",DEMOCRAT,False,135879,303287,20210113,,DEMOCRAT
413,1980,IDAHO,ID,16,82,63,US PRESIDENT,"CARTER, JIMMY",DEMOCRAT,False,110192,437431,20210113,,DEMOCRAT
418,1980,ILLINOIS,IL,17,33,21,US PRESIDENT,"CARTER, JIMMY",DEMOCRAT,False,1981413,4749721,20210113,,DEMOCRAT
427,1980,INDIANA,IN,18,32,22,US PRESIDENT,"CARTER, JIMMY",DEMOCRAT,False,844197,2242033,20210113,,DEMOCRAT
435,1980,IOWA,IA,19,42,31,US PRESIDENT,"CARTER, JIMMY",DEMOCRAT,False,508672,1317661,20210113,,DEMOCRAT
446,1980,KANSAS,KS,20,47,32,US PRESIDENT,"CARTER, JIMMY",DEMOCRAT,False,326150,979795,20210113,,DEMOCRAT
454,1980,KENTUCKY,KY,21,61,51,US PRESIDENT,"CARTER, JIMMY",DEMOCRAT,False,617417,1295627,20210113,,DEMOCRAT
462,1980,LOUISIANA,LA,22,72,45,US PRESIDENT,"CARTER, JIMMY",DEMOCRAT,False,708453,1548591,20210113,,DEMOCRAT
469,1980,MAINE,ME,23,11,2,US PRESIDENT,"CARTER, JIMMY",DEMOCRAT,False,220974,523011,20210113,,DEMOCRAT
475,1980,MARYLAND,MD,24,52,52,US PRESIDENT,"CARTER, JIMMY",DEMOCRAT,False,726161,1540496,20210113,,DEMOCRAT
480,1980,MASSACHUSETTS,MA,25,14,3,US PRESIDENT,"CARTER, JIMMY",DEMOCRAT,False,1053802,2524090,20210113,,DEMOCRAT
487,1980,MICHIGAN,MI,26,34,23,US PRESIDENT,"CARTER, JIMMY",DEMOCRAT,False,1661532,3909725,20210113,,DEMOCRAT
493,1980,MINNESOTA,MN,27,41,33,US PRESIDENT,"CARTER, JIMMY",DEMOCRAT,False,954173,2051916,20210113,,DEMOCRAT
505,1980,MISSISSIPPI,MS,28,64,46,US PRESIDENT,"CARTER, JIMMY",DEMOCRAT,False,429281,891750,20210113,,DEMOCRAT
511,1980,MISSOURI,MO,29,43,34,US PRESIDENT,"CARTER, JIMMY",DEMOCRAT,False,931182,2099824,20210113,,DEMOCRAT
517,1980,MONTANA,MT,30,81,64,US PRESIDENT,"CARTER, JIMMY",DEMOCRAT,False,118032,363952,20210113,,DEMOCRAT
521,1980,NEBRASKA,NE,31,46,35,US PRESIDENT,"CARTER, JIMMY",DEMOCRAT,False,166424,639533,20210113,,DEMOCRAT
525,1980,NEVADA,NV,32,88,65,US PRESIDENT,"CARTER, JIMMY",DEMOCRAT,False,66666,243692,20210113,,DEMOCRAT
529,1980,NEW HAMPSHIRE,NH,33,12,4,US PRESIDENT,"CARTER, JIMMY",DEMOCRAT,False,108864,383990,20210113,,DEMOCRAT
538,1980,NEW JERSEY,NJ,34,22,12,US PRESIDENT,"CARTER, JIMMY",DEMOCRAT,False,1147364,2975684,20210113,,DEMOCRAT
551,1980,NEW MEXICO,NM,35,85,66,US PRESIDENT,"CARTER, JIMMY",DEMOCRAT,False,167826,456237,20210113,,DEMOCRAT
557,1980,NEW YORK,NY,36,21,13,US PRESIDENT,"CARTER, JIMMY",DEMOCRAT,False,2728372,6201959,20210113,,DEMOCRAT
569,1980,NORTH CAROLINA,NC,37,56,47,US PRESIDENT,"CARTER, JIMMY",DEMOCRAT,False,875635,1855833,20210113,,DEMOCRAT
575,1980,NORTH DAKOTA,ND,38,44,36,US PRESIDENT,"CARTER, JIMMY",DEMOCRAT,False,79189,301116,20210113,,DEMOCRAT
585,1980,OHIO,OH,39,31,24,US PRESIDENT,"CARTER, JIMMY",DEMOCRAT,False,1752414,4283603,20210113,,DEMOCRAT
594,1980,OKLAHOMA,OK,40,73,53,US PRESIDENT,"CARTER, JIMMY",DEMOCRAT,False,402026,1149708,20210113,,DEMOCRAT
598,1980,OREGON,OR,41,92,72,US PRESIDENT,"CARTER, JIMMY",DEMOCRAT,False,456890,1181516,20210113,,DEMOCRAT
604,1980,PENNSYLVANIA,PA,42,23,14,US PRESIDENT,"CARTER, JIMMY",DEMOCRAT,False,1937540,4561501,20210113,,DEMOCRAT
610,1980,RHODE ISLAND,RI,44,15,5,US PRESIDENT,"CARTER, JIMMY",DEMOCRAT,False,198342,415967,20210113,,DEMOCRAT
619,1980,SOUTH CAROLINA,SC,45,57,48,US PRESIDENT,"CARTER, JIMMY",DEMOCRAT,False,428220,888258,20210113,,DEMOCRAT
624,1980,SOUTH DAKOTA,SD,46,45,37,US PRESIDENT,"CARTER, JIMMY",DEMOCRAT,False,103855,327703,20210113,,DEMOCRAT
629,1980,TENNESSEE,TN,47,62,54,US PRESIDENT,"CARTER, JIMMY",DEMOCRAT,False,783051,1617616,20210113,,DEMOCRAT
640,1980,TEXAS,TX,48,74,49,US PRESIDENT,"CARTER, JIMMY",DEMOCRAT,False,1881147,4541636,20210113,,DEMOCRAT
645,1980,UTAH,UT,49,87,67,US PRESIDENT,"CARTER, JIMMY",DEMOCRAT,False,124266,604152,20210113,,DEMOCRAT
654,1980,VERMONT,VT,50,13,6,US PRESIDENT,"CARTER, JIMMY",DEMOCRAT,False,81952,213299,20210113,,DEMOCRAT
663,1980,VIRGINIA,VA,51,54,40,US PRESIDENT,"CARTER, JIMMY",DEMOCRAT,False,752174,1866032,20210113,,DEMOCRAT
669,1980,WASHINGTON,WA,53,91,73,US PRESIDENT,"CARTER, JIMMY",DEMOCRAT,False,650193,1742394,20210113,,DEMOCRAT
677,1980,WEST VIRGINIA,WV,54,55,56,US PRESIDENT,"CARTER, JIMMY",DEMOCRAT,False,367462,737715,20210113,,DEMOCRAT
682,1980,WISCONSIN,WI,55,35,25,US PRESIDENT,"CARTER, JIMMY",DEMOCRAT,False,981584,2273221,20210113,,DEMOCRAT
693,1980,WYOMING,WY,56,83,68,US PRESIDENT,"CARTER, JIMMY",DEMOCRAT,False,49427,176713,20210113,,DEMOCRAT
697,1984,ALABAMA,AL,1,63,41,US PRESIDENT,"MONDALE, WALTER",DEMOCRAT,False,551899,1441713,20210113,,DEMOCRAT
704,1984,ALASKA,AK,2,94,81,US PRESIDENT,"MONDALE, WALTER",DEMOCRAT,False,62007,207605,20210113,,DEMOCRAT
708,1984,ARIZONA,AZ,4,86,61,US PRESIDENT,"MONDALE, WALTER",DEMOCRAT,False,333854,1025897,20210113,,DEMOCRAT
712,1984,ARKANSAS,AR,5,71,42,US PRESIDENT,"MONDALE, WALTER",DEMOCRAT,False,338646,884406,20210113,,DEMOCRAT
722,1984,CALIFORNIA,CA,6,93,71,US PRESIDENT,"MONDALE, WALTER",DEMOCRAT,False,3922519,9505041,20210113,,DEMOCRAT
727,1984,COLORADO,CO,8,84,62,US PRESIDENT,"MONDALE, WALTER",DEMOCRAT,False,454975,1295380,20210113,,DEMOCRAT
735,1984,CONNECTICUT,CT,9,16,1,US PRESIDENT,"MONDALE, WALTER",DEMOCRAT,False,569597,1466900,20210113,,DEMOCRAT
740,1984,DELAWARE,DE,10,51,11,US PRESIDENT,"MONDALE, WALTER",DEMOCRAT,False,101656,254572,20210113,,DEMOCRAT
745,1984,DISTRICT OF COLUMBIA,DC,11,53,55,US PRESIDENT,"MONDALE, WALTER",DEMOCRAT,False,180408,211288,20210113,,DEMOCRAT
755,1984,FLORIDA,FL,12,59,43,US PRESIDENT,"MONDALE, WALTER",DEMOCRAT,False,1448816,4180051,20210113,,DEMOCRAT
758,1984,GEORGIA,GA,13,58,44,US PRESIDENT,"MONDALE, WALTER",DEMOCRAT,False,706628,1776103,20210113,,DEMOCRAT
761,1984,HAWAII,HI,15,95,82,US PRESIDENT,"MONDALE, WALTER",DEMOCRAT,False,147154,335846,20210113,,DEMOCRAT
766,1984,IDAHO,ID,16,82,63,US PRESIDENT,"MONDALE, WALTER",DEMOCRAT,False,108510,411144,20210113,,DEMOCRAT
770,1984,ILLINOIS,IL,17,33,21,US PRESIDENT,"MONDALE, WALTER",DEMOCRAT,False,2086499,4819088,20210113,,DEMOCRAT
779,1984,INDIANA,IN,18,32,22,US PRESIDENT,"MONDALE, WALTER",DEMOCRAT,False,841481,2233069,20210113,,DEMOCRAT
783,1984,IOWA,IA,19,42,31,US PRESIDENT,"MONDALE, WALTER",DEMOCRAT,False,605620,1319805,20210113,,DEMOCRAT
792,1984,KANSAS,KS,20,47,32,US PRESIDENT,"MONDALE, WALTER",DEMOCRAT,False,333149,1021991,20210113,,DEMOCRAT
798,1984,KENTUCKY,KY,21,61,51,US PRESIDENT,"MONDALE, WALTER",DEMOCRAT,False,539539,1369345,20210113,,DEMOCRAT
807,1984,LOUISIANA,LA,22,72,45,US PRESIDENT,"MONDALE, WALTER",DEMOCRAT,False,651586,1706822,20210113,,DEMOCRAT
815,1984,MAINE,ME,23,11,2,US PRESIDENT,"MONDALE, WALTER",DEMOCRAT,False,214515,553144,20210113,,DEMOCRAT
820,1984,MARYLAND,MD,24,52,52,US PRESIDENT,"MONDALE, WALTER",DEMOCRAT,False,787935,1675873,20210113,,DEMOCRAT
826,1984,MASSACHUSETTS,MA,25,14,3,US PRESIDENT,"MONDALE, WALTER",DEMOCRAT,False,1239606,2559383,20210113,,DEMOCRAT
830,1984,MICHIGAN,MI,26,34,23,US PRESIDENT,"MONDALE, WALTER",DEMOCRAT,False,1529638,3801658,20210113,,DEMOCRAT
840,1984,MINNESOTA,MN,27,41,33,US PRESIDENT,"MONDALE, WALTER",DEMOCRAT,False,1036364,2084449,20210113,,DEMOCRAT
852,1984,MISSISSIPPI,MS,28,64,46,US PRESIDENT,"MONDALE, WALTER",DEMOCRAT,False,352192,941104,20210113,,DEMOCRAT
860,1984,MISSOURI,MO,29,43,34,US PRESIDENT,"MONDALE, WALTER",DEMOCRAT,False,848583,2122771,20210113,,DEMOCRAT
862,1984,MONTANA,MT,30,81,64,US PRESIDENT,"MONDALE, WALTER",DEMOCRAT,False,146742,384377,20210113,,DEMOCRAT
865,1984,NEBRASKA,NE,31,46,35,US PRESIDENT,"MONDALE, WALTER",DEMOCRAT,False,187866,652090,20210113,,DEMOCRAT
870,1984,NEVADA,NV,32,88,65,US PRESIDENT,"MONDALE, WALTER",DEMOCRAT,False,91655,282717,20210113,,DEMOCRAT
873,1984,NEW HAMPSHIRE,NH,33,12,4,US PRESIDENT,"MONDALE, WALTER",DEMOCRAT,False,120347,388904,20210113,,DEMOCRAT
878,1984,NEW JERSEY,NJ,34,22,12,US PRESIDENT,"MONDALE, WALTER",DEMOCRAT,False,1261323,3217862,20210113,,DEMOCRAT
887,1984,NEW MEXICO,NM,35,85,66,US PRESIDENT,"MONDALE, WALTER",DEMOCRAT,False,201769,514370,20210113,,DEMOCRAT
895,1984,NEW YORK,NY,36,21,13,US PRESIDENT,"MONDALE, WALTER",DEMOCRAT,False,3001285,6806810,20210113,,DEMOCRAT
904,1984,NORTH CAROLINA,NC,37,56,47,US PRESIDENT,"MONDALE, WALTER",DEMOCRAT,False,824287,2175361,20210113,,DEMOCRAT
908,1984,NORTH DAKOTA,ND,38,44,36,US PRESIDENT,"MONDALE, WALTER",DEMOCRAT,False,104429,308971,20210113,,DEMOCRAT
918,1984,OHIO,OH,39,31,24,US PRESIDENT,"MONDALE, WALTER",DEMOCRAT,False,1825440,4563235,20210113,,DEMOCRAT
927,1984,OKLAHOMA,OK,40,73,53,US PRESIDENT,"MONDALE, WALTER",DEMOCRAT,False,385080,1255676,20210113,,DEMOCRAT
930,1984,OREGON,OR,41,92,72,US PRESIDENT,"MONDALE, WALTER",DEMOCRAT,False,536479,1226527,20210113,,DEMOCRAT
933,1984,PENNSYLVANIA,PA,42,23,14,US PRESIDENT,"MONDALE, WALTER",DEMOCRAT,False,2228131,4844903,20210113,,DEMOCRAT
939,1984,RHODE ISLAND,RI,44,15,5,US PRESIDENT,"MONDALE, WALTER",DEMOCRAT,False,197106,410489,20210113,,DEMOCRAT
948,1984,SOUTH CAROLINA,SC,45,57,48,US PRESIDENT,"MONDALE, WALTER",DEMOCRAT,False,344459,968529,20210113,,DEMOCRAT
953,1984,SOUTH DAKOTA,SD,46,45,37,US PRESIDENT,"MONDALE, WALTER",DEMOCRAT,False,116113,317867,20210113,,DEMOCRAT
957,1984,TENNESSEE,TN,47,62,54,US PRESIDENT,"MONDALE, WALTER",DEMOCRAT,False,711714,1711993,20210113,,DEMOCRAT
967,1984,TEXAS,TX,48,74,49,US PRESIDENT,"MONDALE, WALTER",DEMOCRAT,False,1949276,5397571,20210113,,DEMOCRAT
971,1984,UTAH,UT,49,87,67,US PRESIDENT,"MONDALE, WALTER",DEMOCRAT,False,155369,629656,20210113,,DEMOCRAT
979,1984,VERMONT,VT,50,13,6,US PRESIDENT,"MONDALE, WALTER",DEMOCRAT,False,95730,234561,20210113,,DEMOCRAT
988,1984,VIRGINIA,VA,51,54,40,US PRESIDENT,"MONDALE, WALTER",DEMOCRAT,False,796250,2146635,20210113,,DEMOCRAT
991,1984,WASHINGTON,WA,53,91,73,US PRESIDENT,"MONDALE, WALTER",DEMOCRAT,False,798352,1874910,20210113,,DEMOCRAT
1001,1984,WEST VIRGINIA,WV,54,55,56,US PRESIDENT,"MONDALE, WALTER",DEMOCRAT,False,328125,735742,20210113,,DEMOCRAT
1006,1984,WISCONSIN,WI,55,35,25,US PRESIDENT,"MONDALE, WALTER",DEMOCRAT,False,995740,2211689,20210113,,DEMOCRAT
1017,1984,WYOMING,WY,56,83,68,US PRESIDENT,"MONDALE, WALTER",DEMOCRAT,False,53370,188968,20210113,,DEMOCRAT
1020,1988,ALABAMA,AL,1,63,41,US PRESIDENT,"DUKAKIS, MICHAEL",DEMOCRAT,False,549506,1378476,20210113,,DEMOCRAT
1025,1988,ALASKA,AK,2,94,81,US PRESIDENT,"DUKAKIS, MICHAEL",DEMOCRAT,False,72584,200116,20210113,,DEMOCRAT
1031,1988,ARIZONA,AZ,4,86,61,US PRESIDENT,"DUKAKIS, MICHAEL",DEMOCRAT,False,454029,1171873,20210113,,DEMOCRAT
1036,1988,ARKANSAS,AR,5,71,42,US PRESIDENT,"DUKAKIS, MICHAEL",DEMOCRAT,False,349237,827738,20210113,,DEMOCRAT
1042,1988,CALIFORNIA,CA,6,93,71,US PRESIDENT,"DUKAKIS, MICHAEL",DEMOCRAT,False,4702233,9887065,20210113,,DEMOCRAT
1047,1988,COLORADO,CO,8,84,62,US PRESIDENT,"DUKAKIS, MICHAEL",DEMOCRAT,False,621453,1372394,20210113,,DEMOCRAT
1053,1988,CONNECTICUT,CT,9,16,1,US PRESIDENT,"DUKAKIS, MICHAEL",DEMOCRAT,False,676584,1443394,20210113,,DEMOCRAT
1058,1988,DELAWARE,DE,10,51,11,US PRESIDENT,"DUKAKIS, MICHAEL",DEMOCRAT,False,108647,249891,20210113,,DEMOCRAT
1061,1988,DISTRICT OF COLUMBIA,DC,11,53,55,US PRESIDENT,"DUKAKIS, MICHAEL",DEMOCRAT,False,159407,192877,20210113,,DEMOCRAT
1071,1988,FLORIDA,FL,12,59,43,US PRESIDENT,"DUKAKIS, MICHAEL",DEMOCRAT,False,1656701,4302313,20210113,,DEMOCRAT
1076,1988,GEORGIA,GA,13,58,44,US PRESIDENT,"DUKAKIS, MICHAEL",DEMOCRAT,False,714792,1809672,20210113,,DEMOCRAT
1080,1988,HAWAII,HI,15,95,82,US PRESIDENT,"DUKAKIS, MICHAEL",DEMOCRAT,False,192364,354461,20210113,,DEMOCRAT
1086,1988,IDAHO,ID,16,82,63,US PRESIDENT,"DUKAKIS, MICHAEL",DEMOCRAT,False,147272,408968,20210113,,DEMOCRAT
1090,1988,ILLINOIS,IL,17,33,21,US PRESIDENT,"DUKAKIS, MICHAEL",DEMOCRAT,False,2215940,4559120,20210113,,DEMOCRAT
1095,1988,INDIANA,IN,18,32,22,US PRESIDENT,"DUKAKIS, MICHAEL",DEMOCRAT,False,860643,2168621,20210113,,DEMOCRAT
1097,1988,IOWA,IA,19,42,31,US PRESIDENT,"DUKAKIS, MICHAEL",DEMOCRAT,False,670557,1225614,20210113,,DEMOCRAT
1108,1988,KANSAS,KS,20,47,32,US PRESIDENT,"DUKAKIS, MICHAEL",DEMOCRAT,False,422636,993044,20210113,,DEMOCRAT
1111,1988,KENTUCKY,KY,21,61,51,US PRESIDENT,"DUKAKIS, MICHAEL",DEMOCRAT,False,580368,1322517,20210113,,DEMOCRAT
1116,1988,LOUISIANA,LA,22,72,45,US PRESIDENT,"DUKAKIS, MICHAEL",DEMOCRAT,False,717460,1628202,20210113,,DEMOCRAT
1122,1988,MAINE,ME,23,11,2,US PRESIDENT,"DUKAKIS, MICHAEL",DEMOCRAT,False,243569,555035,20210113,,DEMOCRAT
1127,1988,MARYLAND,MD,24,52,52,US PRESIDENT,"DUKAKIS, MICHAEL",DEMOCRAT,False,826304,1714358,20210113,,DEMOCRAT
1131,1988,MASSACHUSETTS,MA,25,14,3,US PRESIDENT,"DUKAKIS, MICHAEL",DEMOCRAT,False,1401415,2632801,20210113,,DEMOCRAT
1137,1988,MICHIGAN,MI,26,34,23,US PRESIDENT,"DUKAKIS, MICHAEL",DEMOCRAT,False,1675783,3669163,20210113,,DEMOCRAT
1141,1988,MINNESOTA,MN,27,41,33,US PRESIDENT,"DUKAKIS, MICHAEL",DEMOCRAT,False,1109471,2096790,20210113,,DEMOCRAT
1154,1988,MISSISSIPPI,MS,28,64,46,US PRESIDENT,"DUKAKIS, MICHAEL",DEMOCRAT,False,363921,931527,20210113,,DEMOCRAT
1158,1988,MISSOURI,MO,29,43,34,US PRESIDENT,"DUKAKIS, MICHAEL",DEMOCRAT,False,1001619,2093228,20210113,,DEMOCRAT
1161,1988,MONTANA,MT,30,81,64,US PRESIDENT,"DUKAKIS, MICHAEL",DEMOCRAT,False,168936,365674,20210113,,DEMOCRAT
1165,1988,NEBRASKA,NE,31,46,35,US PRESIDENT,"DUKAKIS, MICHAEL",DEMOCRAT,False,259235,661465,20210113,,DEMOCRAT
1169,1988,NEVADA,NV,32,88,65,US PRESIDENT,"DUKAKIS, MICHAEL",DEMOCRAT,False,132738,343133,20210113,,DEMOCRAT
1173,1988,NEW HAMPSHIRE,NH,33,12,4,US PRESIDENT,"DUKAKIS, MICHAEL",DEMOCRAT,False,163696,450525,20210113,,DEMOCRAT
1177,1988,NEW JERSEY,NJ,34,22,12,US PRESIDENT,"DUKAKIS, MICHAEL",DEMOCRAT,False,1320352,3099553,20210113,,DEMOCRAT
1188,1988,NEW MEXICO,NM,35,85,66,US PRESIDENT,"DUKAKIS, MICHAEL",DEMOCRAT,False,244497,521387,20210113,,DEMOCRAT
1195,1988,NEW YORK,NY,36,21,13,US PRESIDENT,"DUKAKIS, MICHAEL",DEMOCRAT,False,3255487,6485683,20210113,,DEMOCRAT
1206,1988,NORTH CAROLINA,NC,37,56,47,US PRESIDENT,"DUKAKIS, MICHAEL",DEMOCRAT,False,890167,2134370,20210113,,DEMOCRAT
1210,1988,NORTH DAKOTA,ND,38,44,36,US PRESIDENT,"DUKAKIS, MICHAEL",DEMOCRAT,False,127739,297261,20210113,,DEMOCRAT
1216,1988,OHIO,OH,39,31,24,US PRESIDENT,"DUKAKIS, MICHAEL",DEMOCRAT,False,1939629,4393585,20210113,,DEMOCRAT
1223,1988,OKLAHOMA,OK,40,73,53,US PRESIDENT,"DUKAKIS, MICHAEL",DEMOCRAT,False,483423,1171036,20210113,,DEMOCRAT
1226,1988,OREGON,OR,41,92,72,US PRESIDENT,"DUKAKIS, MICHAEL",DEMOCRAT,False,616206,1201694,20210113,,DEMOCRAT
1232,1988,PENNSYLVANIA,PA,42,23,14,US PRESIDENT,"DUKAKIS, MICHAEL",DEMOCRAT,False,2194944,4536251,20210113,,DEMOCRAT
1238,1988,RHODE ISLAND,RI,44,15,5,US PRESIDENT,"DUKAKIS, MICHAEL",DEMOCRAT,False,225123,404622,20210113,,DEMOCRAT
1248,1988,SOUTH CAROLINA,SC,45,57,48,US PRESIDENT,"DUKAKIS, MICHAEL",DEMOCRAT,False,370554,986009,20210113,,DEMOCRAT
1252,1988,SOUTH DAKOTA,SD,46,45,37,US PRESIDENT,"DUKAKIS, MICHAEL",DEMOCRAT,False,145560,312991,20210113,,DEMOCRAT
1255,1988,TENNESSEE,TN,47,62,54,US PRESIDENT,"DUKAKIS, MICHAEL",DEMOCRAT,False,679794,1636250,20210113,,DEMOCRAT
1259,1988,TEXAS,TX,48,74,49,US PRESIDENT,"DUKAKIS, MICHAEL",DEMOCRAT,False,2352748,5427410,20210113,,DEMOCRAT
1264,1988,UTAH,UT,49,87,67,US PRESIDENT,"DUKAKIS, MICHAEL",DEMOCRAT,False,207343,647008,20210113,,DEMOCRAT
1273,1988,VERMONT,VT,50,13,6,US PRESIDENT,"DUKAKIS, MICHAEL",DEMOCRAT,False,115775,243328,20210113,,DEMOCRAT
1283,1988,VIRGINIA,VA,51,54,40,US PRESIDENT,"DUKAKIS, MICHAEL",DEMOCRAT,False,859799,2191609,20210113,,DEMOCRAT
1286,1988,WASHINGTON,WA,53,91,73,US PRESIDENT,"DUKAKIS, MICHAEL",DEMOCRAT,False,933516,1865253,20210113,,DEMOCRAT
1293,1988,WEST VIRGINIA,WV,54,55,56,US PRESIDENT,"DUKAKIS, MICHAEL",DEMOCRAT,False,341016,653311,20210113,,DEMOCRAT
1296,1988,WISCONSIN,WI,55,35,25,US PRESIDENT,"DUKAKIS, MICHAEL",DEMOCRAT,False,1126794,2191608,20210113,,DEMOCRAT
1301,1988,WYOMING,WY,56,83,68,US PRESIDENT,"DUKAKIS, MICHAEL",DEMOCRAT,False,67113,176551,20210113,,DEMOCRAT
1305,1992,ALABAMA,AL,1,63,41,US PRESIDENT,"CLINTON, BILL",DEMOCRAT,False,690080,1688060,20210113,,DEMOCRAT
1311,1992,ALASKA,AK,2,94,81,US PRESIDENT,"CLINTON, BILL",DEMOCRAT,False,78294,258506,20210113,,DEMOCRAT
1321,1992,ARIZONA,AZ,4,86,61,US PRESIDENT,"CLINTON, BILL",DEMOCRAT,False,543050,1486975,20210113,,DEMOCRAT
1328,1992,ARKANSAS,AR,5,71,42,US PRESIDENT,"CLINTON, BILL",DEMOCRAT,False,505823,950653,20210113,,DEMOCRAT
1332,1992,CALIFORNIA,CA,6,93,71,US PRESIDENT,"CLINTON, BILL",DEMOCRAT,False,5121325,11131721,20210113,,DEMOCRAT
1339,1992,COLORADO,CO,8,84,62,US PRESIDENT,"CLINTON, BILL",DEMOCRAT,False,629681,1569180,20210113,,DEMOCRAT
1348,1992,CONNECTICUT,CT,9,16,1,US PRESIDENT,"CLINTON, BILL",DEMOCRAT,False,682318,1616156,20210113,,DEMOCRAT
1353,1992,DELAWARE,DE,10,51,11,US PRESIDENT,"CLINTON, BILL",DEMOCRAT,False,126054,289620,20210113,,DEMOCRAT
1358,1992,DISTRICT OF COLUMBIA,DC,11,53,55,US PRESIDENT,"CLINTON, BILL",DEMOCRAT,False,192619,227572,20210113,,DEMOCRAT
1369,1992,FLORIDA,FL,12,59,43,US PRESIDENT,"CLINTON, BILL",DEMOCRAT,False,2071698,5313392,20210113,,DEMOCRAT
1373,1992,GEORGIA,GA,13,58,44,US PRESIDENT,"CLINTON, BILL",DEMOCRAT,False,1008966,2321133,20210113,,DEMOCRAT
1378,1992,HAWAII,HI,15,95,82,US PRESIDENT,"CLINTON, BILL",DEMOCRAT,False,179310,372842,20210113,,DEMOCRAT
1386,1992,IDAHO,ID,16,82,63,US PRESIDENT,"CLINTON, BILL",DEMOCRAT,False,137013,482114,20210113,,DEMOCRAT
1390,1992,ILLINOIS,IL,17,33,21,US PRESIDENT,"CLINTON, BILL",DEMOCRAT,False,2453350,5050157,20210113,,DEMOCRAT
1400,1992,INDIANA,IN,18,32,22,US PRESIDENT,"CLINTON, BILL",DEMOCRAT,False,848420,2305871,20210113,,DEMOCRAT
1405,1992,IOWA,IA,19,42,31,US PRESIDENT,"CLINTON, BILL",DEMOCRAT,False,586353,1354607,20210113,,DEMOCRAT
1420,1992,KANSAS,KS,20,47,32,US PRESIDENT,"CLINTON, BILL",DEMOCRAT,False,390434,1157236,20210113,,DEMOCRAT
1424,1992,KENTUCKY,KY,21,61,51,US PRESIDENT,"CLINTON, BILL",DEMOCRAT,False,665104,1492900,20210113,,DEMOCRAT
1432,1992,LOUISIANA,LA,22,72,45,US PRESIDENT,"CLINTON, BILL",DEMOCRAT,False,815971,1790017,20210113,,DEMOCRAT
1443,1992,MAINE,ME,23,11,2,US PRESIDENT,"CLINTON, BILL",DEMOCRAT,False,263420,679499,20210113,,DEMOCRAT
1450,1992,MARYLAND,MD,24,52,52,US PRESIDENT,"CLINTON, BILL",DEMOCRAT,False,988571,1984580,20210113,,DEMOCRAT
1455,1992,MASSACHUSETTS,MA,25,14,3,US PRESIDENT,"CLINTON, BILL",DEMOCRAT,False,1318639,2773664,20210113,,DEMOCRAT
1466,1992,MICHIGAN,MI,26,34,23,US PRESIDENT,"CLINTON, BILL",DEMOCRAT,False,1871182,4274673,20210113,,DEMOCRAT
1474,1992,MINNESOTA,MN,27,41,33,US PRESIDENT,"CLINTON, BILL",DEMOCRAT,False,1020997,2347948,20210113,,DEMOCRAT
1487,1992,MISSISSIPPI,MS,28,64,46,US PRESIDENT,"CLINTON, BILL",DEMOCRAT,False,400258,981793,20210113,,DEMOCRAT
1492,1992,MISSOURI,MO,29,43,34,US PRESIDENT,"CLINTON, BILL",DEMOCRAT,False,1053873,2391270,20210113,,DEMOCRAT
1496,1992,MONTANA,MT,30,81,64,US PRESIDENT,"CLINTON, BILL",DEMOCRAT,False,154507,410583,20210113,,DEMOCRAT
1502,1992,NEBRASKA,NE,31,46,35,US PRESIDENT,"CLINTON, BILL",DEMOCRAT,False,216864,737546,20210113,,DEMOCRAT
1506,1992,NEVADA,NV,32,88,65,US PRESIDENT,"CLINTON, BILL",DEMOCRAT,False,189148,506318,20210113,,DEMOCRAT
1515,1992,NEW HAMPSHIRE,NH,33,12,4,US PRESIDENT,"CLINTON, BILL",DEMOCRAT,False,209040,537215,20210113,,DEMOCRAT
1521,1992,NEW JERSEY,NJ,34,22,12,US PRESIDENT,"CLINTON, BILL",DEMOCRAT,False,1436206,3343594,20210113,,DEMOCRAT
1534,1992,NEW MEXICO,NM,35,85,66,US PRESIDENT,"CLINTON, BILL",DEMOCRAT,False,261617,569986,20210113,,DEMOCRAT
1544,1992,NEW YORK,NY,36,21,13,US PRESIDENT,"CLINTON, BILL",DEMOCRAT,False,3346894,7079432,20210113,,DEMOCRAT
1556,1992,NORTH CAROLINA,NC,37,56,47,US PRESIDENT,"CLINTON, BILL",DEMOCRAT,False,1114042,2611850,20210113,,DEMOCRAT
1563,1992,NORTH DAKOTA,ND,38,44,36,US PRESIDENT,"CLINTON, BILL",DEMOCRAT,False,99168,308133,20210113,,DEMOCRAT
1566,1992,OHIO,OH,39,31,24,US PRESIDENT,"CLINTON, BILL",DEMOCRAT,False,1984942,4939967,20210113,,DEMOCRAT
1572,1992,OKLAHOMA,OK,40,73,53,US PRESIDENT,"CLINTON, BILL",DEMOCRAT,False,473066,1390359,20210113,,DEMOCRAT
1575,1992,OREGON,OR,41,92,72,US PRESIDENT,"CLINTON, BILL",DEMOCRAT,False,621314,1462643,20210113,,DEMOCRAT
1582,1992,PENNSYLVANIA,PA,42,23,14,US PRESIDENT,"CLINTON, BILL",DEMOCRAT,False,2239164,4959810,20210113,,DEMOCRAT
1587,1992,RHODE ISLAND,RI,44,15,5,US PRESIDENT,"CLINTON, BILL",DEMOCRAT,False,213299,453365,20210113,,DEMOCRAT
1596,1992,SOUTH CAROLINA,SC,45,57,48,US PRESIDENT,"CLINTON, BILL",DEMOCRAT,False,525514,1228912,20210113,,DEMOCRAT
1602,1992,SOUTH DAKOTA,SD,46,45,37,US PRESIDENT,"CLINTON, BILL",DEMOCRAT,False,124888,336254,20210113,,DEMOCRAT
1606,1992,TENNESSEE,TN,47,62,54,US PRESIDENT,"CLINTON, BILL",DEMOCRAT,False,933521,1982638,20210113,,DEMOCRAT
1612,1992,TEXAS,TX,48,74,49,US PRESIDENT,"CLINTON, BILL",DEMOCRAT,False,2281815,6154018,20210113,,DEMOCRAT
1618,1992,UTAH,UT,49,87,67,US PRESIDENT,"CLINTON, BILL",DEMOCRAT,False,183429,743998,20210113,,DEMOCRAT
1629,1992,VERMONT,VT,50,13,6,US PRESIDENT,"CLINTON, BILL",DEMOCRAT,False,133592,289701,20210113,,DEMOCRAT
1641,1992,VIRGINIA,VA,51,54,40,US PRESIDENT,"CLINTON, BILL",DEMOCRAT,False,1038650,2559129,20210113,,DEMOCRAT
1646,1992,WASHINGTON,WA,53,91,73,US PRESIDENT,"CLINTON, BILL",DEMOCRAT,False,993037,2287565,20210113,,DEMOCRAT
1656,1992,WEST VIRGINIA,WV,54,55,56,US PRESIDENT,"CLINTON, BILL",DEMOCRAT,False,331001,683677,20210113,,DEMOCRAT
1660,1992,WISCONSIN,WI,55,35,25,US PRESIDENT,"CLINTON, BILL",DEMOCRAT,False,1041066,2531064,20210113,,DEMOCRAT
1670,1992,WYOMING,WY,56,83,68,US PRESIDENT,"CLINTON, BILL",DEMOCRAT,False,68160,199884,20210113,,DEMOCRAT
1675,1996,ALABAMA,AL,1,63,41,US PRESIDENT,"CLINTON, BILL",DEMOCRAT,False,662165,1534349,20210113,,DEMOCRAT
1681,1996,ALASKA,AK,2,94,81,US PRESIDENT,"CLINTON, BILL",DEMOCRAT,False,80380,241620,20210113,,DEMOCRAT
1688,1996,ARIZONA,AZ,4,86,61,US PRESIDENT,"CLINTON, BILL",DEMOCRAT,False,653288,1404405,20210113,,DEMOCRAT
1694,1996,ARKANSAS,AR,5,71,42,US PRESIDENT,"CLINTON, BILL",DEMOCRAT,False,475171,884262,20210113,,DEMOCRAT
1707,1996,CALIFORNIA,CA,6,93,71,US PRESIDENT,"CLINTON, BILL",DEMOCRAT,False,5119835,10019469,20210113,,DEMOCRAT
1717,1996,COLORADO,CO,8,84,62,US PRESIDENT,"CLINTON, BILL",DEMOCRAT,False,671152,1510702,20210113,,DEMOCRAT
1729,1996,CONNECTICUT,CT,9,16,1,US PRESIDENT,"CLINTON, BILL",DEMOCRAT,False,735740,1392614,20210113,,DEMOCRAT
1737,1996,DELAWARE,DE,10,51,11,US PRESIDENT,"CLINTON, BILL",DEMOCRAT,False,140355,270810,20210113,,DEMOCRAT
1743,1996,DISTRICT OF COLUMBIA,DC,11,53,55,US PRESIDENT,"CLINTON, BILL",DEMOCRAT,False,158220,185726,20210113,,DEMOCRAT
1751,1996,FLORIDA,FL,12,59,43,US PRESIDENT,"CLINTON, BILL",DEMOCRAT,False,2546870,5303154,20210113,,DEMOCRAT
1757,1996,GEORGIA,GA,13,58,44,US PRESIDENT,"CLINTON, BILL",DEMOCRAT,False,1053849,2298899,20210113,,DEMOCRAT
1760,1996,HAWAII,HI,15,95,82,US PRESIDENT,"CLINTON, BILL",DEMOCRAT,False,205012,360120,20210113,,DEMOCRAT
1768,1996,IDAHO,ID,16,82,63,US PRESIDENT,"CLINTON, BILL",DEMOCRAT,False,165443,491711,20210113,,DEMOCRAT
1773,1996,ILLINOIS,IL,17,33,21,US PRESIDENT,"CLINTON, BILL",DEMOCRAT,False,2341744,4311391,20210113,,DEMOCRAT
1781,1996,INDIANA,IN,18,32,22,US PRESIDENT,"CLINTON, BILL",DEMOCRAT,False,887424,2135431,20210113,,DEMOCRAT
1785,1996,IOWA,IA,19,42,31,US PRESIDENT,"CLINTON, BILL",DEMOCRAT,False,620258,1234075,20210113,,DEMOCRAT
1795,1996,KANSAS,KS,20,47,32,US PRESIDENT,"CLINTON, BILL",DEMOCRAT,False,387659,1074300,20210113,,DEMOCRAT
1800,1996,KENTUCKY,KY,21,61,51,US PRESIDENT,"CLINTON, BILL",DEMOCRAT,False,636614,1388708,20210113,,DEMOCRAT
1807,1996,LOUISIANA,LA,22,72,45,US PRESIDENT,"CLINTON, BILL",DEMOCRAT,False,927837,1783959,20210113,,DEMOCRAT
1815,1996,MAINE,ME,23,11,2,US PRESIDENT,"CLINTON, BILL",DEMOCRAT,False,312788,605897,20210113,,DEMOCRAT
1823,1996,MARYLAND,MD,24,52,52,US PRESIDENT,"CLINTON, BILL",DEMOCRAT,False,966207,1780870,20210113,,DEMOCRAT
1830,1996,MASSACHUSETTS,MA,25,14,3,US PRESIDENT,"CLINTON, BILL",DEMOCRAT,False,1571509,2556459,20210113,,DEMOCRAT
1838,1996,MICHIGAN,MI,26,34,23,US PRESIDENT,"CLINTON, BILL",DEMOCRAT,False,1989653,3848844,20210113,,DEMOCRAT
1846,1996,MINNESOTA,MN,27,41,33,US PRESIDENT,"CLINTON, BILL",DEMOCRAT,False,1120380,2192492,20210113,,DEMOCRAT
1859,1996,MISSISSIPPI,MS,28,64,46,US PRESIDENT,"CLINTON, BILL",DEMOCRAT,False,394022,893857,20210113,,DEMOCRAT
1864,1996,MISSOURI,MO,29,43,34,US PRESIDENT,"CLINTON, BILL",DEMOCRAT,False,1025935,2158065,20210113,,DEMOCRAT
1872,1996,MONTANA,MT,30,81,64,US PRESIDENT,"CLINTON, BILL",DEMOCRAT,False,167922,407083,20210113,,DEMOCRAT
1877,1996,NEBRASKA,NE,31,46,35,US PRESIDENT,"CLINTON, BILL",DEMOCRAT,False,236761,677415,20210113,,DEMOCRAT
1882,1996,NEVADA,NV,32,88,65,US PRESIDENT,"CLINTON, BILL",DEMOCRAT,False,203974,464279,20210113,,DEMOCRAT
1890,1996,NEW HAMPSHIRE,NH,33,12,4,US PRESIDENT,"CLINTON, BILL",DEMOCRAT,False,246166,496597,20210113,,DEMOCRAT
1895,1996,NEW JERSEY,NJ,34,22,12,US PRESIDENT,"CLINTON, BILL",DEMOCRAT,False,1652361,3075860,20210113,,DEMOCRAT
1898,1996,NEW MEXICO,NM,35,85,66,US PRESIDENT,"CLINTON, BILL",DEMOCRAT,False,273495,556074,20210113,,DEMOCRAT
1905,1996,NEW YORK,NY,36,21,13,US PRESIDENT,"CLINTON, BILL",DEMOCRAT,False,3649630,6439129,20210113,,DEMOCRAT
1919,1996,NORTH CAROLINA,NC,37,56,47,US PRESIDENT,"CLINTON, BILL",DEMOCRAT,False,1107849,2515807,20210113,,DEMOCRAT
1925,1996,NORTH DAKOTA,ND,38,44,36,US PRESIDENT,"CLINTON, BILL",DEMOCRAT,False,106905,266411,20210113,,DEMOCRAT
1930,1996,OHIO,OH,39,31,24,US PRESIDENT,"CLINTON, BILL",DEMOCRAT,False,2148222,4534434,20210113,,DEMOCRAT
1940,1996,OKLAHOMA,OK,40,73,53,US PRESIDENT,"CLINTON, BILL",DEMOCRAT,False,488105,1206713,20210113,,DEMOCRAT
1943,1996,OREGON,OR,41,92,72,US PRESIDENT,"CLINTON, BILL",DEMOCRAT,False,649641,1377760,20210113,,DEMOCRAT
1952,1996,PENNSYLVANIA,PA,42,23,14,US PRESIDENT,"CLINTON, BILL",DEMOCRAT,False,2215819,4501307,20210113,,DEMOCRAT
1958,1996,RHODE ISLAND,RI,44,15,5,US PRESIDENT,"CLINTON, BILL",DEMOCRAT,False,233050,390247,20210113,,DEMOCRAT
1967,1996,SOUTH CAROLINA,SC,45,57,48,US PRESIDENT,"CLINTON, BILL",DEMOCRAT,False,506152,1150182,20210113,,DEMOCRAT
1973,1996,SOUTH DAKOTA,SD,46,45,37,US PRESIDENT,"CLINTON, BILL",DEMOCRAT,False,139333,323826,20210113,,DEMOCRAT
1976,1996,TENNESSEE,TN,47,62,54,US PRESIDENT,"CLINTON, BILL",DEMOCRAT,False,909146,1894105,20210113,,DEMOCRAT
1981,1996,TEXAS,TX,48,74,49,US PRESIDENT,"CLINTON, BILL",DEMOCRAT,False,2459683,5611644,20210113,,DEMOCRAT
1988,1996,UTAH,UT,49,87,67,US PRESIDENT,"CLINTON, BILL",DEMOCRAT,False,221633,665629,20210113,,DEMOCRAT
2000,1996,VERMONT,VT,50,13,6,US PRESIDENT,"CLINTON, BILL",DEMOCRAT,False,137894,258449,20210113,,DEMOCRAT
2012,1996,VIRGINIA,VA,51,54,40,US PRESIDENT,"CLINTON, BILL",DEMOCRAT,False,1091060,2416642,20210113,,DEMOCRAT
2017,1996,WASHINGTON,WA,53,91,73,US PRESIDENT,"CLINTON, BILL",DEMOCRAT,False,1123323,2253837,20210113,,DEMOCRAT
2026,1996,WEST VIRGINIA,WV,54,55,56,US PRESIDENT,"CLINTON, BILL",DEMOCRAT,False,327812,636459,20210113,,DEMOCRAT
2030,1996,WISCONSIN,WI,55,35,25,US PRESIDENT,"CLINTON, BILL",DEMOCRAT,False,1071971,2196169,20210113,,DEMOCRAT
2038,1996,WYOMING,WY,56,83,68,US PRESIDENT,"CLINTON, BILL",DEMOCRAT,False,77934,211571,20210113,,DEMOCRAT
2043,2000,ALABAMA,AL,1,63,41,US PRESIDENT,"GORE, AL",DEMOCRAT,False,692611,1666272,20210113,,DEMOCRAT
2048,2000,ALASKA,AK,2,94,81,US PRESIDENT,"GORE, AL",DEMOCRAT,False,79004,285560,20210113,,DEMOCRAT
2056,2000,ARIZONA,AZ,4,86,61,US PRESIDENT,"GORE, AL",DEMOCRAT,False,685341,1532016,20210113,,DEMOCRAT
2063,2000,ARKANSAS,AR,5,71,42,US PRESIDENT,"GORE, AL",DEMOCRAT,False,422768,921781,20210113,,DEMOCRAT
2069,2000,CALIFORNIA,CA,6,93,71,US PRESIDENT,"GORE, AL",DEMOCRAT,False,5861203,10965822,20210113,,DEMOCRAT
2077,2000,COLORADO,CO,8,84,62,US PRESIDENT,"GORE, AL",DEMOCRAT,False,738227,1741368,20210113,,DEMOCRAT
2086,2000,CONNECTICUT,CT,9,16,1,US PRESIDENT,"GORE, AL",DEMOCRAT,False,816015,1459525,20210113,,DEMOCRAT
2093,2000,DELAWARE,DE,10,51,11,US PRESIDENT,"GORE, AL",DEMOCRAT,False,180068,327529,20210113,,DEMOCRAT
2100,2000,DISTRICT OF COLUMBIA,DC,11,53,55,US PRESIDENT,"GORE, AL",DEMOCRAT,False,171923,201894,20210113,,DEMOCRAT
2107,2000,FLORIDA,FL,12,59,43,US PRESIDENT,"GORE, AL",DEMOCRAT,False,2912253,5963110,20210113,,DEMOCRAT
2118,2000,GEORGIA,GA,13,58,44,US PRESIDENT,"GORE, AL",DEMOCRAT,False,1116230,2583208,20210113,,DEMOCRAT
2121,2000,HAWAII,HI,15,95,82,US PRESIDENT,"GORE, AL",DEMOCRAT,False,205286,367951,20210113,,DEMOCRAT
2129,2000,IDAHO,ID,16,82,63,US PRESIDENT,"GORE, AL",DEMOCRAT,False,138637,501615,20210113,,DEMOCRAT
2135,2000,ILLINOIS,IL,17,33,21,US PRESIDENT,"GORE, AL",DEMOCRAT,False,2589026,4742108,20210113,,DEMOCRAT
2143,2000,INDIANA,IN,18,32,22,US PRESIDENT,"GORE, AL",DEMOCRAT,False,901980,2199302,20210113,,DEMOCRAT
2147,2000,IOWA,IA,19,42,31,US PRESIDENT,"GORE, AL",DEMOCRAT,False,638517,1353022,20210113,,DEMOCRAT
2159,2000,KANSAS,KS,20,47,32,US PRESIDENT,"GORE, AL",DEMOCRAT,False,399276,1072216,20210113,,DEMOCRAT
2165,2000,KENTUCKY,KY,21,61,51,US PRESIDENT,"GORE, AL",DEMOCRAT,False,638923,1544106,20210113,,DEMOCRAT
2173,2000,LOUISIANA,LA,22,72,45,US PRESIDENT,"GORE, AL",DEMOCRAT,False,792344,1765656,20210113,,DEMOCRAT
2180,2000,MAINE,ME,23,11,2,US PRESIDENT,"GORE, AL",DEMOCRAT,False,319951,651817,20210113,,DEMOCRAT
2187,2000,MARYLAND,MD,24,52,52,US PRESIDENT,"GORE, AL",DEMOCRAT,False,1144008,2025212,20210113,,DEMOCRAT
2195,2000,MASSACHUSETTS,MA,25,14,3,US PRESIDENT,"GORE, AL",DEMOCRAT,False,1616487,2733964,20210113,,DEMOCRAT
2203,2000,MICHIGAN,MI,26,34,23,US PRESIDENT,"GORE, AL",DEMOCRAT,False,2170418,4232501,20210113,,DEMOCRAT
2210,2000,MINNESOTA,MN,27,41,33,US PRESIDENT,"GORE, AL",DEMOCRATIC-FARMER-LABOR,False,1168266,2438685,20210113,,DEMOCRAT
2220,2000,MISSISSIPPI,MS,28,64,46,US PRESIDENT,"GORE, AL",DEMOCRAT,False,404614,994184,20210113,,DEMOCRAT
2227,2000,MISSOURI,MO,29,43,34,US PRESIDENT,"GORE, AL",DEMOCRAT,False,1111138,2359892,20210113,,DEMOCRAT
2234,2000,MONTANA,MT,30,81,64,US PRESIDENT,"GORE, AL",DEMOCRAT,False,137126,410986,20210113,,DEMOCRAT
2241,2000,NEBRASKA,NE,31,46,35,US PRESIDENT,"GORE, AL",DEMOCRAT,False,231780,697019,20210113,,DEMOCRAT
2247,2000,NEVADA,NV,32,88,65,US PRESIDENT,"GORE, AL",DEMOCRAT,False,279978,609426,20210113,,DEMOCRAT
2257,2000,NEW HAMPSHIRE,NH,33,12,4,US PRESIDENT,"GORE, AL",DEMOCRAT,False,266348,569081,20210113,,DEMOCRAT
2263,2000,NEW JERSEY,NJ,34,22,12,US PRESIDENT,"GORE, AL",DEMOCRAT,False,1788850,3187226,20210113,,DEMOCRAT
2266,2000,NEW MEXICO,NM,35,85,66,US PRESIDENT,"GORE, AL",DEMOCRAT,False,286783,598605,20210113,,DEMOCRAT
2273,2000,NEW YORK,NY,36,21,13,US PRESIDENT,"GORE, AL",DEMOCRAT,False,3942215,6960215,20210113,,DEMOCRAT
2288,2000,NORTH CAROLINA,NC,37,56,47,US PRESIDENT,"GORE, AL",DEMOCRAT,False,1257692,2914990,20210113,,DEMOCRAT
2293,2000,NORTH DAKOTA,ND,38,44,36,US PRESIDENT,"GORE, AL",DEMOCRAT,False,95284,288256,20210113,,DEMOCRAT
2298,2000,OHIO,OH,39,31,24,US PRESIDENT,"GORE, AL",DEMOCRAT,False,2183628,4701998,20210113,,DEMOCRAT
2303,2000,OKLAHOMA,OK,40,73,53,US PRESIDENT,"GORE, AL",DEMOCRAT,False,474276,1234229,20210113,,DEMOCRAT
2306,2000,OREGON,OR,41,92,72,US PRESIDENT,"GORE, AL",DEMOCRAT,False,720342,1533950,20210113,,DEMOCRAT
2314,2000,PENNSYLVANIA,PA,42,23,14,US PRESIDENT,"GORE, AL",DEMOCRAT,False,2485967,4912185,20210113,,DEMOCRAT
2320,2000,RHODE ISLAND,RI,44,15,5,US PRESIDENT,"GORE, AL",DEMOCRAT,False,249508,409112,20210113,,DEMOCRAT
2332,2000,SOUTH CAROLINA,SC,45,57,48,US PRESIDENT,"GORE, AL",DEMOCRAT,False,566037,1383902,20210113,,DEMOCRAT
2339,2000,SOUTH DAKOTA,SD,46,45,37,US PRESIDENT,"GORE, AL",DEMOCRAT,False,118804,316269,20210113,,DEMOCRAT
2344,2000,TENNESSEE,TN,47,62,54,US PRESIDENT,"GORE, AL",DEMOCRAT,False,981720,2076181,20210113,,DEMOCRAT
2348,2000,TEXAS,TX,48,74,49,US PRESIDENT,"GORE, AL",DEMOCRAT,False,2433746,6407637,20210113,,DEMOCRAT
2354,2000,UTAH,UT,49,87,67,US PRESIDENT,"GORE, AL",DEMOCRAT,False,203053,770754,20210113,,DEMOCRAT
2363,2000,VERMONT,VT,50,13,6,US PRESIDENT,"GORE, AL",DEMOCRAT,False,149022,294308,20210113,,DEMOCRAT
2375,2000,VIRGINIA,VA,51,54,40,US PRESIDENT,"GORE, AL",DEMOCRAT,False,1217290,2739447,20210113,,DEMOCRAT
2381,2000,WASHINGTON,WA,53,91,73,US PRESIDENT,"GORE, AL",DEMOCRAT,False,1247652,2487433,20210113,,DEMOCRAT
2392,2000,WEST VIRGINIA,WV,54,55,56,US PRESIDENT,"GORE, AL",DEMOCRAT,False,295497,648124,20210113,,DEMOCRAT
2398,2000,WISCONSIN,WI,55,35,25,US PRESIDENT,"GORE, AL",DEMOCRAT,False,1242987,2598607,20210113,,DEMOCRAT
2406,2000,WYOMING,WY,56,83,68,US PRESIDENT,"GORE, AL",DEMOCRAT,False,60481,213726,20210113,,DEMOCRAT
2412,2004,ALABAMA,AL,1,63,41,US PRESIDENT,"KERRY, JOHN",DEMOCRAT,False,693933,1883415,20210113,,DEMOCRAT
2416,2004,ALASKA,AK,2,94,81,US PRESIDENT,"KERRY, JOHN",DEMOCRAT,False,111025,312598,20210113,,DEMOCRAT
2423,2004,ARIZONA,AZ,4,86,61,US PRESIDENT,"KERRY, JOHN",DEMOCRAT,False,893524,2012585,20210113,,DEMOCRAT
2427,2004,ARKANSAS,AR,5,71,42,US PRESIDENT,"KERRY, JOHN",DEMOCRAT,False,469953,1054945,20210113,,DEMOCRAT
2432,2004,CALIFORNIA,CA,6,93,71,US PRESIDENT,"KERRY, JOHN",DEMOCRAT,False,6745485,12421353,20210113,,DEMOCRAT
2440,2004,COLORADO,CO,8,84,62,US PRESIDENT,"KERRY, JOHN",DEMOCRAT,False,1001732,2129630,20210113,,DEMOCRAT
2451,2004,CONNECTICUT,CT,9,16,1,US PRESIDENT,"KERRY, JOHN",DEMOCRAT,False,857488,1578769,20210113,,DEMOCRAT
2458,2004,DELAWARE,DE,10,51,11,US PRESIDENT,"KERRY, JOHN",DEMOCRAT,False,200152,375190,20210113,,DEMOCRAT
2465,2004,DISTRICT OF COLUMBIA,DC,11,53,55,US PRESIDENT,"KERRY, JOHN",DEMOCRAT,False,202970,227586,20210113,,DEMOCRAT
2473,2004,FLORIDA,FL,12,59,43,US PRESIDENT,"KERRY, JOHN",DEMOCRAT,False,3583544,7609810,20210113,,DEMOCRAT
2481,2004,GEORGIA,GA,13,58,44,US PRESIDENT,"KERRY, JOHN",DEMOCRAT,False,1366149,3301875,20210113,,DEMOCRAT
2484,2004,HAWAII,HI,15,95,82,US PRESIDENT,"KERRY, JOHN",DEMOCRAT,False,231708,429013,20210113,,DEMOCRAT
2489,2004,IDAHO,ID,16,82,63,US PRESIDENT,"KERRY, JOHN",DEMOCRAT,False,181098,598376,20210113,,DEMOCRAT
2493,2004,ILLINOIS,IL,17,33,21,US PRESIDENT,"KERRY, JOHN",DEMOCRAT,False,2891550,5274322,20210113,,DEMOCRAT
2498,2004,INDIANA,IN,18,32,22,US PRESIDENT,"KERRY, JOHN",DEMOCRAT,False,969011,2468002,20210113,,DEMOCRAT
2502,2004,IOWA,IA,19,42,31,US PRESIDENT,"KERRY, JOHN",DEMOCRAT,False,741898,1506908,20210113,,DEMOCRAT
2510,2004,KANSAS,KS,20,47,32,US PRESIDENT,"KERRY, JOHN",DEMOCRAT,False,434993,1187756,20210113,,DEMOCRAT
2516,2004,KENTUCKY,KY,21,61,51,US PRESIDENT,"KERRY, JOHN",DEMOCRAT,False,712733,1795882,20210113,,DEMOCRAT
2522,2004,LOUISIANA,LA,22,72,45,US PRESIDENT,"KERRY, JOHN",DEMOCRAT,False,820299,1943106,20210113,,DEMOCRAT
2530,2004,MAINE,ME,23,11,2,US PRESIDENT,"KERRY, JOHN",DEMOCRAT,False,396842,740752,20210113,,DEMOCRAT
2537,2004,MARYLAND,MD,24,52,52,US PRESIDENT,"KERRY, JOHN",DEMOCRAT,False,1334493,2384238,20210113,,DEMOCRAT
2544,2004,MARYLAND,MD,24,52,52,US PRESIDENT,OTHER,DEMOCRAT,True,7,2384238,20210113,,DEMOCRAT
2545,2004,MASSACHUSETTS,MA,25,14,3,US PRESIDENT,"KERRY, JOHN",DEMOCRAT,False,1803800,2927455,20210113,,DEMOCRAT
2552,2004,MICHIGAN,MI,26,34,23,US PRESIDENT,"KERRY, JOHN",DEMOCRAT,False,2479183,4839252,20210113,,DEMOCRAT
2559,2004,MINNESOTA,MN,27,41,33,US PRESIDENT,"KERRY, JOHN",DEMOCRATIC-FARMER-LABOR,False,1445014,2828387,20210113,,DEMOCRAT
2570,2004,MISSISSIPPI,MS,28,64,46,US PRESIDENT,"KERRY, JOHN",DEMOCRAT,False,457766,1139824,20210113,,DEMOCRAT
2577,2004,MISSOURI,MO,29,43,34,US PRESIDENT,"KERRY, JOHN",DEMOCRAT,False,1259171,2731364,20210113,,DEMOCRAT
2582,2004,MONTANA,MT,30,81,64,US PRESIDENT,"KERRY, JOHN",DEMOCRAT,False,173710,450434,20210113,,DEMOCRAT
2588,2004,NEBRASKA,NE,31,46,35,US PRESIDENT,"KERRY, JOHN",DEMOCRAT,False,254328,778186,20210113,,DEMOCRAT
2595,2004,NEVADA,NV,32,88,65,US PRESIDENT,"KERRY, JOHN",DEMOCRAT,False,397190,829587,20210113,,DEMOCRAT
2601,2004,NEW HAMPSHIRE,NH,33,12,4,US PRESIDENT,"KERRY, JOHN",DEMOCRAT,False,340511,678287,20210113,,DEMOCRAT
2606,2004,NEW JERSEY,NJ,34,22,12,US PRESIDENT,"KERRY, JOHN",DEMOCRAT,False,1911430,3611691,20210113,,DEMOCRAT
2610,2004,NEW MEXICO,NM,35,85,66,US PRESIDENT,"KERRY, JOHN",DEMOCRAT,False,370942,756304,20210113,,DEMOCRAT
2615,2004,NEW YORK,NY,36,21,13,US PRESIDENT,"KERRY, JOHN",DEMOCRAT,False,4180755,7448266,20210113,,DEMOCRAT
2626,2004,NORTH CAROLINA,NC,37,56,47,US PRESIDENT,"KERRY, JOHN",DEMOCRAT,False,1525849,3501007,20210113,,DEMOCRAT
2630,2004,NORTH DAKOTA,ND,38,44,36,US PRESIDENT,"KERRY, JOHN",DEMOCRAT,False,111052,312833,20210113,,DEMOCRAT
2636,2004,OHIO,OH,39,31,24,US PRESIDENT,"KERRY, JOHN",DEMOCRAT,False,2741165,5627903,20210113,,DEMOCRAT
2640,2004,OKLAHOMA,OK,40,73,53,US PRESIDENT,"KERRY, JOHN",DEMOCRAT,False,503966,1463758,20210113,,DEMOCRAT
2641,2004,OREGON,OR,41,92,72,US PRESIDENT,"KERRY, JOHN",DEMOCRAT,False,943163,1836782,20210113,,DEMOCRAT
2647,2004,PENNSYLVANIA,PA,42,23,14,US PRESIDENT,"KERRY, JOHN",DEMOCRAT,False,2938095,5769590,20210113,,DEMOCRAT
2654,2004,RHODE ISLAND,RI,44,15,5,US PRESIDENT,"KERRY, JOHN",DEMOCRAT,False,259760,437134,20210113,,DEMOCRAT
2663,2004,SOUTH CAROLINA,SC,45,57,48,US PRESIDENT,"KERRY, JOHN",DEMOCRAT,False,661669,1617700,20210113,,DEMOCRAT
2670,2004,SOUTH DAKOTA,SD,46,45,37,US PRESIDENT,"KERRY, JOHN",DEMOCRAT,False,149244,388215,20210113,,DEMOCRAT
2675,2004,TENNESSEE,TN,47,62,54,US PRESIDENT,"KERRY, JOHN",DEMOCRAT,False,1036477,2437319,20210113,,DEMOCRAT
2679,2004,TEXAS,TX,48,74,49,US PRESIDENT,"KERRY, JOHN",DEMOCRAT,False,2832704,7410749,20210113,,DEMOCRAT
2683,2004,UTAH,UT,49,87,67,US PRESIDENT,"KERRY, JOHN",DEMOCRAT,False,241199,927844,20210113,,DEMOCRAT
2690,2004,VERMONT,VT,50,13,6,US PRESIDENT,"KERRY, JOHN",DEMOCRAT,False,184067,312309,20210113,,DEMOCRAT
2698,2004,VIRGINIA,VA,51,54,40,US PRESIDENT,"KERRY, JOHN",DEMOCRAT,False,1454742,3195415,20210113,,DEMOCRAT
2702,2004,WASHINGTON,WA,53,91,73,US PRESIDENT,"KERRY, JOHN",DEMOCRAT,False,1510201,2859084,20210113,,DEMOCRAT
2712,2004,WEST VIRGINIA,WV,54,55,56,US PRESIDENT,"KERRY, JOHN",DEMOCRAT,False,326541,755792,20210113,,DEMOCRAT
2716,2004,WISCONSIN,WI,55,35,25,US PRESIDENT,"KERRY, JOHN",DEMOCRAT,False,1489504,2997007,20210113,,DEMOCRAT
2723,2004,WYOMING,WY,56,83,68,US PRESIDENT,"KERRY, JOHN",DEMOCRAT,False,70776,243861,20210113,,DEMOCRAT
2729,2008,ALABAMA,AL,1,63,41,US PRESIDENT,"OBAMA, BARACK H.",DEMOCRAT,False,813479,2099819,20210113,,DEMOCRAT
2733,2008,ALASKA,AK,2,94,81,US PRESIDENT,"OBAMA, BARACK H.",DEMOCRAT,False,123594,326197,20210113,,DEMOCRAT
2739,2008,ARIZONA,AZ,4,86,61,US PRESIDENT,"OBAMA, BARACK H.",DEMOCRAT,False,1034707,2293475,20210113,,DEMOCRAT
2745,2008,ARKANSAS,AR,5,71,42,US PRESIDENT,"OBAMA, BARACK H.",DEMOCRAT,False,422310,1086617,20210113,,DEMOCRAT
2751,2008,CALIFORNIA,CA,6,93,71,US PRESIDENT,"OBAMA, BARACK H.",DEMOCRAT,False,8274473,13561900,20210113,,DEMOCRAT
2758,2008,COLORADO,CO,8,84,62,US PRESIDENT,"OBAMA, BARACK H.",DEMOCRAT,False,1288576,2401361,20210113,,DEMOCRAT
2774,2008,CONNECTICUT,CT,9,16,1,US PRESIDENT,"OBAMA, BARACK H.",DEMOCRAT,False,997772,1646792,20210113,,DEMOCRAT
2778,2008,DELAWARE,DE,10,51,11,US PRESIDENT,"OBAMA, BARACK H.",DEMOCRAT,False,255459,412412,20210113,,DEMOCRAT
2785,2008,DISTRICT OF COLUMBIA,DC,11,53,55,US PRESIDENT,"OBAMA, BARACK H.",DEMOCRAT,False,245800,265853,20210113,,DEMOCRAT
2790,2008,FLORIDA,FL,12,59,43,US PRESIDENT,"OBAMA, BARACK H.",DEMOCRAT,False,4282074,8390744,20210113,,DEMOCRAT
2805,2008,GEORGIA,GA,13,58,44,US PRESIDENT,"OBAMA, BARACK H.",DEMOCRAT,False,1844123,3924486,20210113,,DEMOCRAT
2809,2008,HAWAII,HI,15,95,82,US PRESIDENT,"OBAMA, BARACK H.",DEMOCRAT,False,325871,456064,20210113,,DEMOCRAT
2818,2008,IDAHO,ID,16,82,63,US PRESIDENT,"OBAMA, BARACK H.",DEMOCRAT,False,236440,655122,20210113,,DEMOCRAT
2823,2008,ILLINOIS,IL,17,33,21,US PRESIDENT,"OBAMA, BARACK H.",DEMOCRAT,False,3419348,5522371,20210113,,DEMOCRAT
2831,2008,INDIANA,IN,18,32,22,US PRESIDENT,"OBAMA, BARACK H.",DEMOCRAT,False,1374039,2751054,20210113,,DEMOCRAT
2836,2008,IOWA,IA,19,42,31,US PRESIDENT,"OBAMA, BARACK H.",DEMOCRAT,False,828940,1537123,20210113,,DEMOCRAT
2847,2008,KANSAS,KS,20,47,32,US PRESIDENT,"OBAMA, BARACK H.",DEMOCRAT,False,514765,1235872,20210113,,DEMOCRAT
2852,2008,KENTUCKY,KY,21,61,51,US PRESIDENT,"OBAMA, BARACK H.",DEMOCRAT,False,751985,1826620,20210113,,DEMOCRAT
2858,2008,LOUISIANA,LA,22,72,45,US PRESIDENT,"OBAMA, BARACK H.",DEMOCRAT,False,782989,1960761,20210113,,DEMOCRAT
2866,2008,MAINE,ME,23,11,2,US PRESIDENT,"OBAMA, BARACK H.",DEMOCRAT,False,421923,731163,20210113,,DEMOCRAT
2871,2008,MARYLAND,MD,24,52,52,US PRESIDENT,"OBAMA, BARACK H.",DEMOCRAT,False,1629467,2631596,20210113,,DEMOCRAT
2878,2008,MASSACHUSETTS,MA,25,14,3,US PRESIDENT,"OBAMA, BARACK H.",DEMOCRAT,False,1904097,3102995,20210113,,DEMOCRAT
2886,2008,MICHIGAN,MI,26,34,23,US PRESIDENT,"OBAMA, BARACK H.",DEMOCRAT,False,2872579,5001596,20210113,,DEMOCRAT
2892,2008,MINNESOTA,MN,27,41,33,US PRESIDENT,"OBAMA, BARACK H.",DEMOCRAT,False,1573354,2910369,20210113,,DEMOCRAT
2901,2008,MISSISSIPPI,MS,28,64,46,US PRESIDENT,"OBAMA, BARACK H.",DEMOCRAT,False,554662,1289865,20210113,,DEMOCRAT
2908,2008,MISSOURI,MO,29,43,34,US PRESIDENT,"OBAMA, BARACK H.",DEMOCRAT,False,1441911,2925205,20210113,,DEMOCRAT
2914,2008,MONTANA,MT,30,81,64,US PRESIDENT,"OBAMA, BARACK H.",DEMOCRAT,False,231667,490109,20210113,,DEMOCRAT
2919,2008,NEBRASKA,NE,31,46,35,US PRESIDENT,"OBAMA, BARACK H.",DEMOCRAT,False,333319,801281,20210113,,DEMOCRAT
2925,2008,NEVADA,NV,32,88,65,US PRESIDENT,"OBAMA, BARACK H.",DEMOCRAT,False,533736,967848,20210113,,DEMOCRAT
2932,2008,NEW HAMPSHIRE,NH,33,12,4,US PRESIDENT,"OBAMA, BARACK H.",DEMOCRAT,False,384826,710970,20210113,,DEMOCRAT
2937,2008,NEW JERSEY,NJ,34,22,12,US PRESIDENT,"OBAMA, BARACK H.",DEMOCRAT,False,2215422,3868237,20210113,,DEMOCRAT
2947,2008,NEW MEXICO,NM,35,85,66,US PRESIDENT,"OBAMA, BARACK H.",DEMOCRAT,False,472422,830158,20210113,,DEMOCRAT
2953,2008,NEW YORK,NY,36,21,13,US PRESIDENT,"OBAMA, BARACK H.",DEMOCRAT,False,4645332,7722019,20210113,,DEMOCRAT
2965,2008,NORTH CAROLINA,NC,37,56,47,US PRESIDENT,"OBAMA, BARACK H.",DEMOCRAT,False,2142651,4310851,20210113,,DEMOCRAT
2971,2008,NORTH DAKOTA,ND,38,44,36,US PRESIDENT,"OBAMA, BARACK H.",DEMOCRAT,False,141278,316621,20210113,,DEMOCRAT
2975,2008,OHIO,OH,39,31,24,US PRESIDENT,"OBAMA, BARACK H.",DEMOCRAT,False,2940044,5708350,20210113,,DEMOCRAT
2984,2008,OKLAHOMA,OK,40,73,53,US PRESIDENT,"OBAMA, BARACK H.",DEMOCRAT,False,502496,1462661,20210113,,DEMOCRAT
2985,2008,OREGON,OR,41,92,72,US PRESIDENT,"OBAMA, BARACK H.",DEMOCRAT,False,1037291,1827864,20210113,,DEMOCRAT
2992,2008,PENNSYLVANIA,PA,42,23,14,US PRESIDENT,"OBAMA, BARACK H.",DEMOCRAT,False,3276363,6013272,20210113,,DEMOCRAT
2998,2008,RHODE ISLAND,RI,44,15,5,US PRESIDENT,"OBAMA, BARACK H.",DEMOCRAT,False,296571,471766,20210113,,DEMOCRAT
3007,2008,SOUTH CAROLINA,SC,45,57,48,US PRESIDENT,"OBAMA, BARACK H.",DEMOCRAT,False,862449,1920969,20210113,,DEMOCRAT
3013,2008,SOUTH DAKOTA,SD,46,45,37,US PRESIDENT,"OBAMA, BARACK H.",DEMOCRAT,False,170924,381975,20210113,,DEMOCRAT
3018,2008,TENNESSEE,TN,47,62,54,US PRESIDENT,"OBAMA, BARACK H.",DEMOCRAT,False,1087437,2599749,20210113,,DEMOCRAT
3021,2008,TEXAS,TX,48,74,49,US PRESIDENT,"OBAMA, BARACK H.",DEMOCRAT,False,3528633,8077795,20210113,,DEMOCRAT
3026,2008,UTAH,UT,49,87,67,US PRESIDENT,"OBAMA, BARACK H.",DEMOCRAT,False,327670,952370,20210113,,DEMOCRAT
3033,2008,VERMONT,VT,50,13,6,US PRESIDENT,"OBAMA, BARACK H.",DEMOCRAT,False,219262,325046,20210113,,DEMOCRAT
3042,2008,VIRGINIA,VA,51,54,40,US PRESIDENT,"OBAMA, BARACK H.",DEMOCRAT,False,1959532,3723260,20210113,,DEMOCRAT
3049,2008,WASHINGTON,WA,53,91,73,US PRESIDENT,"OBAMA, BARACK H.",DEMOCRAT,False,1750848,3036878,20210113,,DEMOCRAT
3058,2008,WEST VIRGINIA,WV,54,55,56,US PRESIDENT,"OBAMA, BARACK H.",DEMOCRAT,False,303857,713451,20210113,,DEMOCRAT
3063,2008,WISCONSIN,WI,55,35,25,US PRESIDENT,"OBAMA, BARACK H.",DEMOCRAT,False,1677211,2983417,20210113,,DEMOCRAT
3074,2008,WYOMING,WY,56,83,68,US PRESIDENT,"OBAMA, BARACK H.",DEMOCRAT,False,82868,254904,20210113,,DEMOCRAT
3080,2012,ALABAMA,AL,1,63,41,US PRESIDENT,"OBAMA, BARACK H.",DEMOCRAT,False,795696,2074338,20210113,,DEMOCRAT
3084,2012,ALASKA,AK,2,94,81,US PRESIDENT,"OBAMA, BARACK H.",DEMOCRAT,False,122640,300495,20210113,,DEMOCRAT
3089,2012,ARIZONA,AZ,4,86,61,US PRESIDENT,"OBAMA, BARACK H.",DEMOCRAT,False,1025232,2299254,20210113,,DEMOCRAT
3094,2012,ARKANSAS,AR,5,71,42,US PRESIDENT,"OBAMA, BARACK H.",DEMOCRAT,False,394409,1069468,20210113,,DEMOCRAT
3098,2012,CALIFORNIA,CA,6,93,71,US PRESIDENT,"OBAMA, BARACK H.",DEMOCRAT,False,7854285,13038547,20210113,,DEMOCRAT
3105,2012,COLORADO,CO,8,84,62,US PRESIDENT,"OBAMA, BARACK H.",DEMOCRAT,False,1323101,2569516,20210113,,DEMOCRAT
3121,2012,CONNECTICUT,CT,9,16,1,US PRESIDENT,"OBAMA, BARACK H.",DEMOCRAT,False,905083,1558204,20210113,,DEMOCRAT
3126,2012,DELAWARE,DE,10,51,11,US PRESIDENT,"OBAMA, BARACK H.",DEMOCRAT,False,242584,413890,20210113,,DEMOCRAT
3130,2012,DISTRICT OF COLUMBIA,DC,11,53,55,US PRESIDENT,"OBAMA, BARACK H.",DEMOCRAT,False,267070,293764,20210113,,DEMOCRAT
3135,2012,FLORIDA,FL,12,59,43,US PRESIDENT,"OBAMA, BARACK H.",DEMOCRAT,False,4237756,8474179,20210113,,DEMOCRAT
3149,2012,GEORGIA,GA,13,58,44,US PRESIDENT,"OBAMA, BARACK H.",DEMOCRAT,False,1773827,3897839,20210113,,DEMOCRAT
3151,2012,HAWAII,HI,15,95,82,US PRESIDENT,"OBAMA, BARACK H.",DEMOCRAT,False,306658,437159,20210113,,DEMOCRAT
3158,2012,IDAHO,ID,16,82,63,US PRESIDENT,"OBAMA, BARACK H.",DEMOCRAT,False,212787,652274,20210113,,DEMOCRAT
3162,2012,ILLINOIS,IL,17,33,21,US PRESIDENT,"OBAMA, BARACK H.",DEMOCRAT,False,3019512,5242014,20210113,,DEMOCRAT
3168,2012,INDIANA,IN,18,32,22,US PRESIDENT,"OBAMA, BARACK H.",DEMOCRAT,False,1152887,2624534,20210113,,DEMOCRAT
3171,2012,IOWA,IA,19,42,31,US PRESIDENT,"OBAMA, BARACK H.",DEMOCRAT,False,822544,1582180,20210113,,DEMOCRAT
3181,2012,KANSAS,KS,20,47,32,US PRESIDENT,"OBAMA, BARACK H.",DEMOCRAT,False,440726,1159971,20210113,,DEMOCRAT
3186,2012,KENTUCKY,KY,21,61,51,US PRESIDENT,"OBAMA, BARACK H.",DEMOCRAT,False,679370,1797212,20210113,,DEMOCRAT
3192,2012,LOUISIANA,LA,22,72,45,US PRESIDENT,"OBAMA, BARACK H.",DEMOCRAT,False,809141,1994065,20210113,,DEMOCRAT
3202,2012,MAINE,ME,23,11,2,US PRESIDENT,"OBAMA, BARACK H.",DEMOCRAT,False,401306,724758,20210113,,DEMOCRAT
3208,2012,MARYLAND,MD,24,52,52,US PRESIDENT,"OBAMA, BARACK H.",DEMOCRAT,False,1677844,2707327,20210113,,DEMOCRAT
3213,2012,MASSACHUSETTS,MA,25,14,3,US PRESIDENT,"OBAMA, BARACK H.",DEMOCRAT,False,1921290,3184196,20210113,,DEMOCRAT
3219,2012,MICHIGAN,MI,26,34,23,US PRESIDENT,"OBAMA, BARACK H.",DEMOCRAT,False,2564569,4730961,20210113,,DEMOCRAT
3225,2012,MINNESOTA,MN,27,41,33,US PRESIDENT,"OBAMA, BARACK H.",DEMOCRATIC-FARMER-LABOR,False,1546167,2936561,20210113,,DEMOCRAT
3237,2012,MISSISSIPPI,MS,28,64,46,US PRESIDENT,"OBAMA, BARACK H.",DEMOCRAT,False,562949,1285584,20210113,,DEMOCRAT
3243,2012,MISSOURI,MO,29,43,34,US PRESIDENT,"OBAMA, BARACK H.",DEMOCRAT,False,1223796,2757323,20210113,,DEMOCRAT
3247,2012,MONTANA,MT,30,81,64,US PRESIDENT,"OBAMA, BARACK H.",DEMOCRAT,False,201839,484048,20210113,,DEMOCRAT
3251,2012,NEBRASKA,NE,31,46,35,US PRESIDENT,"OBAMA, BARACK H.",DEMOCRAT,False,302081,794379,20210113,,DEMOCRAT
3255,2012,NEVADA,NV,32,88,65,US PRESIDENT,"OBAMA, BARACK H.",DEMOCRAT,False,531373,1014918,20210113,,DEMOCRAT
3260,2012,NEW HAMPSHIRE,NH,33,12,4,US PRESIDENT,"OBAMA, BARACK H.",DEMOCRAT,False,369561,710972,20210113,,DEMOCRAT
3266,2012,NEW JERSEY,NJ,34,22,12,US PRESIDENT,"OBAMA, BARACK H.",DEMOCRAT,False,2122786,3638499,20210113,,DEMOCRAT
3276,2012,NEW MEXICO,NM,35,85,66,US PRESIDENT,"OBAMA, BARACK H.",DEMOCRAT,False,415335,783758,20210113,,DEMOCRAT
3282,2012,NEW YORK,NY,36,21,13,US PRESIDENT,"OBAMA, BARACK H.",DEMOCRAT,False,4324228,7116784,20210113,,DEMOCRAT
3293,2012,NORTH CAROLINA,NC,37,56,47,US PRESIDENT,"OBAMA, BARACK H.",DEMOCRAT,False,2178391,4505372,20210113,,DEMOCRAT
3297,2012,NORTH DAKOTA,ND,38,44,36,US PRESIDENT,"OBAMA, BARACK H.",DEMOCRAT,False,124966,322932,20210113,,DEMOCRAT
3302,2012,OHIO,OH,39,31,24,US PRESIDENT,"OBAMA, BARACK H.",DEMOCRAT,False,2827621,5580822,20210113,,DEMOCRAT
3311,2012,OKLAHOMA,OK,40,73,53,US PRESIDENT,"OBAMA, BARACK H.",DEMOCRAT,False,443547,1334872,20210113,,DEMOCRAT
3312,2012,OREGON,OR,41,92,72,US PRESIDENT,"OBAMA, BARACK H.",DEMOCRAT,False,970488,1789270,20210113,,DEMOCRAT
3319,2012,PENNSYLVANIA,PA,42,23,14,US PRESIDENT,"OBAMA, BARACK H.",DEMOCRAT,False,2990274,5742040,20210113,,DEMOCRAT
3323,2012,RHODE ISLAND,RI,44,15,5,US PRESIDENT,"OBAMA, BARACK H.",DEMOCRAT,False,279677,446049,20210113,,DEMOCRAT
3332,2012,SOUTH CAROLINA,SC,45,57,48,US PRESIDENT,"OBAMA, BARACK H.",DEMOCRAT,False,865941,1964118,20210113,,DEMOCRAT
3337,2012,SOUTH DAKOTA,SD,46,45,37,US PRESIDENT,"OBAMA, BARACK H.",DEMOCRAT,False,145039,363815,20210113,,DEMOCRAT
3341,2012,TENNESSEE,TN,47,62,54,US PRESIDENT,"OBAMA, BARACK H.",DEMOCRAT,False,960709,2458577,20210113,,DEMOCRAT
3346,2012,TEXAS,TX,48,74,49,US PRESIDENT,"OBAMA, BARACK H.",DEMOCRAT,False,3308124,7993851,20210113,,DEMOCRAT
3351,2012,UTAH,UT,49,87,67,US PRESIDENT,"OBAMA, BARACK H.",DEMOCRAT,False,251813,1017440,20210113,,DEMOCRAT
3358,2012,VERMONT,VT,50,13,6,US PRESIDENT,"OBAMA, BARACK H.",DEMOCRAT,False,199239,299290,20210113,,DEMOCRAT
3364,2012,VIRGINIA,VA,51,54,40,US PRESIDENT,"OBAMA, BARACK H.",DEMOCRAT,False,1971820,3854489,20210113,,DEMOCRAT
3370,2012,WASHINGTON,WA,53,91,73,US PRESIDENT,"OBAMA, BARACK H.",DEMOCRAT,False,1755396,3125516,20210113,,DEMOCRAT
3379,2012,WEST VIRGINIA,WV,54,55,56,US PRESIDENT,"OBAMA, BARACK H.",DEMOCRAT,False,238269,670438,20210113,,DEMOCRAT
3383,2012,WISCONSIN,WI,55,35,25,US PRESIDENT,"OBAMA, BARACK H.",DEMOCRAT,False,1620985,3071434,20210113,,DEMOCRAT
3389,2012,WYOMING,WY,56,83,68,US PRESIDENT,"OBAMA, BARACK H.",DEMOCRAT,False,69286,250701,20210113,,DEMOCRAT
3396,2016,ALABAMA,AL,1,63,41,US PRESIDENT,"CLINTON, HILLARY",DEMOCRAT,False,729547,2123372,20210113,,DEMOCRAT
3401,2016,ALASKA,AK,2,94,81,US PRESIDENT,"CLINTON, HILLARY",DEMOCRAT,False,116454,318608,20210113,,DEMOCRAT
3408,2016,ARIZONA,AZ,4,86,61,US PRESIDENT,"CLINTON, HILLARY",DEMOCRAT,False,1161167,2573165,20210113,,DEMOCRAT
3414,2016,ARIZONA,AZ,4,86,61,US PRESIDENT,,DEMOCRAT,True,42,2573165,20210113,,DEMOCRAT
3418,2016,ARKANSAS,AR,5,71,42,US PRESIDENT,"CLINTON, HILLARY",DEMOCRAT,False,380494,1130635,20210113,,DEMOCRAT
3425,2016,CALIFORNIA,CA,6,93,71,US PRESIDENT,"CLINTON, HILLARY",DEMOCRAT,False,8753788,14181595,20210113,,DEMOCRAT
3431,2016,COLORADO,CO,8,84,62,US PRESIDENT,"CLINTON, HILLARY",DEMOCRAT,False,1338870,2780220,20210113,,DEMOCRAT
3451,2016,CONNECTICUT,CT,9,16,1,US PRESIDENT,"CLINTON, HILLARY",DEMOCRAT,False,897572,1644920,20210113,,DEMOCRAT
3456,2016,DELAWARE,DE,10,51,11,US PRESIDENT,"CLINTON, HILLARY",DEMOCRAT,False,235603,441590,20210113,,DEMOCRAT
3460,2016,DISTRICT OF COLUMBIA,DC,11,53,55,US PRESIDENT,"CLINTON, HILLARY",DEMOCRAT,False,282830,312575,20210113,,DEMOCRAT
3468,2016,FLORIDA,FL,12,59,43,US PRESIDENT,"CLINTON, HILLARY",DEMOCRAT,False,4504975,9420039,20210113,,DEMOCRAT
3475,2016,GEORGIA,GA,13,58,44,US PRESIDENT,"CLINTON, HILLARY",DEMOCRAT,False,1877963,4114732,20210113,,DEMOCRAT
3478,2016,HAWAII,HI,15,95,82,US PRESIDENT,"CLINTON, HILLARY",DEMOCRAT,False,266891,437664,20210113,,DEMOCRAT
3486,2016,IDAHO,ID,16,82,63,US PRESIDENT,"CLINTON, HILLARY",DEMOCRAT,False,189765,690255,20210113,,DEMOCRAT
3490,2016,ILLINOIS,IL,17,33,21,US PRESIDENT,"CLINTON, HILLARY",DEMOCRAT,False,3090729,5536424,20210113,,DEMOCRAT
3496,2016,INDIANA,IN,18,32,22,US PRESIDENT,"CLINTON, HILLARY",DEMOCRAT,False,1033126,2734958,20210113,,DEMOCRAT
3503,2016,IOWA,IA,19,42,31,US PRESIDENT,"CLINTON, HILLARY",DEMOCRAT,False,653669,1565580,20210113,,DEMOCRAT
3513,2016,KANSAS,KS,20,47,32,US PRESIDENT,"CLINTON, HILLARY",DEMOCRAT,False,427005,1184402,20210113,,DEMOCRAT
3518,2016,KENTUCKY,KY,21,61,51,US PRESIDENT,"CLINTON, HILLARY",DEMOCRAT,False,628854,1924149,20210113,,DEMOCRAT
3525,2016,LOUISIANA,LA,22,72,45,US PRESIDENT,"CLINTON, HILLARY",DEMOCRAT,False,780154,2029032,20210113,,DEMOCRAT
3529,2016,MAINE,ME,23,11,2,US PRESIDENT,"CLINTON, HILLARY",DEMOCRAT,False,357735,771892,20210113,,DEMOCRAT
3535,2016,MARYLAND,MD,24,52,52,US PRESIDENT,"CLINTON, HILLARY",DEMOCRAT,False,1677928,2781446,20210113,,DEMOCRAT
3543,2016,MARYLAND,MD,24,52,52,US PRESIDENT,"CLINTON, HILLARY",DEMOCRAT,True,78,2781446,20210113,,DEMOCRAT
3544,2016,MASSACHUSETTS,MA,25,14,3,US PRESIDENT,"CLINTON, HILLARY",DEMOCRAT,False,1995196,3378821,20210113,,DEMOCRAT
3552,2016,MICHIGAN,MI,26,34,23,US PRESIDENT,"CLINTON, HILLARY",DEMOCRAT,False,2268839,4799284,20210113,,DEMOCRAT
3558,2016,MINNESOTA,MN,27,41,33,US PRESIDENT,"CLINTON, HILLARY",DEMOCRAT,False,1367705,2944782,20210113,,DEMOCRAT
3569,2016,MISSISSIPPI,MS,28,64,46,US PRESIDENT,"CLINTON, HILLARY",DEMOCRAT,False,485131,1209357,20210113,,DEMOCRAT
3576,2016,MISSOURI,MO,29,43,34,US PRESIDENT,"CLINTON, HILLARY",DEMOCRAT,False,1071068,2808605,20210113,,DEMOCRAT
3582,2016,MONTANA,MT,30,81,64,US PRESIDENT,"CLINTON, HILLARY",DEMOCRAT,False,177709,494526,20210113,,DEMOCRAT
3587,2016,NEBRASKA,NE,31,46,35,US PRESIDENT,"CLINTON, HILLARY",DEMOCRAT,False,284494,844227,20210113,,DEMOCRAT
3591,2016,NEVADA,NV,32,88,65,US PRESIDENT,"CLINTON, HILLARY",DEMOCRAT,False,539260,1125385,20210113,,DEMOCRAT
3597,2016,NEW HAMPSHIRE,NH,33,12,4,US PRESIDENT,"CLINTON, HILLARY",DEMOCRAT,False,348526,744296,20210113,,DEMOCRAT
3604,2016,NEW JERSEY,NJ,34,22,12,US PRESIDENT,"CLINTON, HILLARY",DEMOCRAT,False,2148278,3874046,20210113,,DEMOCRAT
3613,2016,NEW MEXICO,NM,35,85,66,US PRESIDENT,"CLINTON, HILLARY",DEMOCRAT,False,385234,798319,20210113,,DEMOCRAT
3621,2016,NEW YORK,NY,36,21,13,US PRESIDENT,"CLINTON, HILLARY",DEMOCRAT,False,4379789,7802084,20210113,,DEMOCRAT
3634,2016,NORTH CAROLINA,NC,37,56,47,US PRESIDENT,"CLINTON, HILLARY",DEMOCRAT,False,2189316,4741564,20210113,,DEMOCRAT
3639,2016,NORTH DAKOTA,ND,38,44,36,US PRESIDENT,"CLINTON, HILLARY",DEMOCRAT,False,93758,344360,20210113,,DEMOCRAT
3646,2016,OHIO,OH,39,31,24,US PRESIDENT,"CLINTON, HILLARY",DEMOCRAT,False,2394164,5496487,20210113,,DEMOCRAT
3651,2016,OKLAHOMA,OK,40,73,53,US PRESIDENT,"CLINTON, HILLARY",DEMOCRAT,False,420375,1452992,20210113,,DEMOCRAT
3653,2016,OREGON,OR,41,92,72,US PRESIDENT,"CLINTON, HILLARY",DEMOCRAT,False,1002106,2001336,20210113,,DEMOCRAT
3659,2016,PENNSYLVANIA,PA,42,23,14,US PRESIDENT,"CLINTON, HILLARY",DEMOCRAT,False,2926441,6115402,20210113,,DEMOCRAT
3663,2016,RHODE ISLAND,RI,44,15,5,US PRESIDENT,"CLINTON, HILLARY",DEMOCRAT,False,252525,464144,20210113,,DEMOCRAT
3670,2016,SOUTH CAROLINA,SC,45,57,48,US PRESIDENT,"CLINTON, HILLARY",DEMOCRAT,False,855373,2103027,20210113,,DEMOCRAT
3677,2016,SOUTH DAKOTA,SD,46,45,37,US PRESIDENT,"CLINTON, HILLARY",DEMOCRAT,False,117458,370093,20210113,,DEMOCRAT
3681,2016,TENNESSEE,TN,47,62,54,US PRESIDENT,"CLINTON, HILLARY",DEMOCRAT,False,870695,2508027,20210113,,DEMOCRAT
3685,2016,TEXAS,TX,48,74,49,US PRESIDENT,"CLINTON, HILLARY",DEMOCRAT,False,3877868,8969226,20210113,,DEMOCRAT
3690,2016,UTAH,UT,49,87,67,US PRESIDENT,"CLINTON, HILLARY",DEMOCRAT,False,310674,1131317,20210113,,DEMOCRAT
3695,2016,VERMONT,VT,50,13,6,US PRESIDENT,"CLINTON, HILLARY",DEMOCRAT,False,178573,320467,20210113,,DEMOCRAT
3704,2016,VIRGINIA,VA,51,54,40,US PRESIDENT,"CLINTON, HILLARY",DEMOCRAT,False,1981473,3982752,20210113,,DEMOCRAT
3710,2016,WASHINGTON,WA,53,91,73,US PRESIDENT,"CLINTON, HILLARY",DEMOCRAT,False,1742718,3317019,20210113,,DEMOCRAT
3719,2016,WEST VIRGINIA,WV,54,55,56,US PRESIDENT,"CLINTON, HILLARY",DEMOCRAT,False,188794,713051,20210113,,DEMOCRAT
3724,2016,WISCONSIN,WI,55,35,25,US PRESIDENT,"CLINTON, HILLARY",DEMOCRAT,False,1382536,2976150,20210113,,DEMOCRAT
3733,2016,WYOMING,WY,56,83,68,US PRESIDENT,"CLINTON, HILLARY",DEMOCRAT,False,55973,258788,20210113,,DEMOCRAT
3740,2020,ALABAMA,AL,1,63,41,US PRESIDENT,"BIDEN, JOSEPH R. JR",DEMOCRAT,False,849624,2323282,20210113,,DEMOCRAT
3744,2020,ALASKA,AK,2,94,81,US PRESIDENT,"BIDEN, JOSEPH R. JR",DEMOCRAT,False,153778,359530,20210113,,DEMOCRAT
3752,2020,ARIZONA,AZ,4,86,61,US PRESIDENT,"BIDEN, JOSEPH R. JR",DEMOCRAT,False,1672143,3387326,20210113,,DEMOCRAT
3762,2020,ARKANSAS,AR,5,71,42,US PRESIDENT,"BIDEN, JOSEPH R. JR",DEMOCRAT,False,423932,1219069,20210113,,DEMOCRAT
3773,2020,CALIFORNIA,CA,6,93,71,US PRESIDENT,"BIDEN, JOSEPH R. JR",DEMOCRAT,False,11110250,17500881,20210113,,DEMOCRAT
3784,2020,COLORADO,CO,8,84,62,US PRESIDENT,"BIDEN, JOSEPH R. JR",DEMOCRAT,False,1804352,3279980,20210113,,DEMOCRAT
3807,2020,CONNECTICUT,CT,9,16,1,US PRESIDENT,"BIDEN, JOSEPH R. JR",DEMOCRAT,False,1080831,1823857,20210113,,DEMOCRAT
3838,2020,DELAWARE,DE,10,51,11,US PRESIDENT,"BIDEN, JOSEPH R. JR",DEMOCRAT,False,296268,504346,20210113,,DEMOCRAT
3842,2020,DISTRICT OF COLUMBIA,DC,11,53,55,US PRESIDENT,"BIDEN, JOSEPH R. JR",DEMOCRAT,True,317323,344356,20210113,,DEMOCRAT
3849,2020,FLORIDA,FL,12,59,43,US PRESIDENT,"BIDEN, JOSEPH R. JR",DEMOCRAT,False,5297045,11067456,20210113,,DEMOCRAT
3878,2020,GEORGIA,GA,13,58,44,US PRESIDENT,"BIDEN, JOSEPH R. JR",DEMOCRAT,False,2473633,4999960,20210113,,DEMOCRAT
3881,2020,HAWAII,HI,15,95,82,US PRESIDENT,"BIDEN, JOSEPH R. JR",DEMOCRAT,False,366130,579784,20210113,,DEMOCRAT
3889,2020,IDAHO,ID,16,82,63,US PRESIDENT,"BIDEN, JOSEPH R. JR",DEMOCRAT,False,287021,868014,20210113,,DEMOCRAT
3904,2020,ILLINOIS,IL,17,33,21,US PRESIDENT,"BIDEN, JOSEPH R. JR",DEMOCRAT,False,3471915,6033743,20210113,,DEMOCRAT
3924,2020,INDIANA,IN,18,32,22,US PRESIDENT,"BIDEN, JOSEPH R. JR",DEMOCRAT,False,1242416,3033118,20210113,,DEMOCRAT
3939,2020,IOWA,IA,19,42,31,US PRESIDENT,"BIDEN, JOSEPH R. JR",DEMOCRAT,False,759061,1700130,20210113,,DEMOCRAT
3951,2020,KANSAS,KS,20,47,32,US PRESIDENT,"BIDEN, JOSEPH R. JR",DEMOCRAT,False,570323,1372303,20210113,,DEMOCRAT
3954,2020,KENTUCKY,KY,21,61,51,US PRESIDENT,"BIDEN, JOSEPH R. JR",DEMOCRAT,False,772474,2136768,20210113,,DEMOCRAT
3968,2020,LOUISIANA,LA,22,72,45,US PRESIDENT,"BIDEN, JOSEPH R. JR",DEMOCRAT,False,856034,2148062,20210113,,DEMOCRAT
3981,2020,MAINE,ME,23,11,2,US PRESIDENT,"BIDEN, JOSEPH R. JR",DEMOCRAT,False,435072,828305,20210113,,DEMOCRAT
3989,2020,MARYLAND,MD,24,52,52,US PRESIDENT,"BIDEN, JOSEPH R. JR",DEMOCRAT,False,1985023,3037030,20210113,,DEMOCRAT
4014,2020,MASSACHUSETTS,MA,25,14,3,US PRESIDENT,"BIDEN, JOSEPH R. JR",DEMOCRAT,False,2382202,3658005,20210113,,DEMOCRAT
4020,2020,MICHIGAN,MI,26,34,23,US PRESIDENT,"BIDEN, JOSEPH R. JR",DEMOCRAT,False,2804040,5539302,20210113,,DEMOCRAT
4032,2020,MINNESOTA,MN,27,41,33,US PRESIDENT,"BIDEN, JOSEPH R. JR",DEMOCRAT,False,1717077,3277171,20210113,,DEMOCRAT
4041,2020,MISSISSIPPI,MS,28,64,46,US PRESIDENT,"BIDEN, JOSEPH R. JR",DEMOCRAT,False,539398,1313759,20210113,,DEMOCRAT
4051,2020,MISSOURI,MO,29,43,34,US PRESIDENT,"BIDEN, JOSEPH R. JR",DEMOCRAT,False,1253014,3025962,20210113,,DEMOCRAT
4062,2020,MONTANA,MT,30,81,64,US PRESIDENT,"BIDEN, JOSEPH R. JR",DEMOCRAT,False,244786,603674,20210113,,DEMOCRAT
4068,2020,NEBRASKA,NE,31,46,35,US PRESIDENT,"BIDEN, JOSEPH R. JR",DEMOCRAT,False,374583,956383,20210113,,DEMOCRAT
4073,2020,NEVADA,NV,32,88,65,US PRESIDENT,"BIDEN, JOSEPH R. JR",DEMOCRAT,False,703486,1405376,20210113,,DEMOCRAT
4078,2020,NEW HAMPSHIRE,NH,33,12,4,US PRESIDENT,"BIDEN, JOSEPH R. JR",DEMOCRAT,False,424921,806182,20210113,,DEMOCRAT
4100,2020,NEW JERSEY,NJ,34,22,12,US PRESIDENT,"BIDEN, JOSEPH R. JR",DEMOCRAT,False,2608335,4549353,20210113,,DEMOCRAT
4109,2020,NEW MEXICO,NM,35,85,66,US PRESIDENT,"BIDEN, JOSEPH R. JR",DEMOCRAT,False,501614,923965,20210113,,DEMOCRAT
4113,2020,NEW YORK,NY,36,21,13,US PRESIDENT,"BIDEN, JOSEPH R. JR",DEMOCRAT,False,5230985,8661735,20210113,,DEMOCRAT
4138,2020,NORTH CAROLINA,NC,37,56,47,US PRESIDENT,"BIDEN, JOSEPH R. JR",DEMOCRAT,False,2684292,5524802,20210113,,DEMOCRAT
4145,2020,NORTH DAKOTA,ND,38,44,36,US PRESIDENT,"BIDEN, JOSEPH R. JR",DEMOCRAT,False,114902,361819,20210113,,DEMOCRAT
4149,2020,OHIO,OH,39,31,24,US PRESIDENT,"BIDEN, JOSEPH R. JR",DEMOCRAT,False,2679165,5922202,20210113,,DEMOCRAT
4159,2020,OKLAHOMA,OK,40,73,53,US PRESIDENT,"BIDEN, JOSEPH R. JR",DEMOCRAT,False,503890,1560699,20210113,,DEMOCRAT
4165,2020,OREGON,OR,41,92,72,US PRESIDENT,"BIDEN, JOSEPH R. JR",DEMOCRAT,False,1340383,2374321,20210113,,DEMOCRAT
4171,2020,PENNSYLVANIA,PA,42,23,14,US PRESIDENT,"BIDEN, JOSEPH R. JR",DEMOCRAT,False,3458229,6915283,20210113,,DEMOCRAT
4173,2020,RHODE ISLAND,RI,44,15,5,US PRESIDENT,"BIDEN, JOSEPH R. JR",DEMOCRAT,False,307486,516990,20210113,,DEMOCRAT
4184,2020,SOUTH CAROLINA,SC,45,57,48,US PRESIDENT,"BIDEN, JOSEPH R. JR",DEMOCRAT,False,1091541,2514096,20210113,,DEMOCRAT
4186,2020,SOUTH DAKOTA,SD,46,45,37,US PRESIDENT,"BIDEN, JOSEPH R. JR",DEMOCRAT,False,150471,422609,20210113,,DEMOCRAT
4189,2020,TENNESSEE,TN,47,62,54,US PRESIDENT,"BIDEN, JOSEPH R. JR",DEMOCRAT,False,1143711,3053851,20210113,,DEMOCRAT
4202,2020,TEXAS,TX,48,74,49,US PRESIDENT,"BIDEN, JOSEPH R. JR",DEMOCRAT,False,5259126,11315056,20210113,,DEMOCRAT
4216,2020,UTAH,UT,49,87,67,US PRESIDENT,"BIDEN, JOSEPH R. JR",DEMOCRAT,False,560282,1488289,20210113,,DEMOCRAT
4228,2020,VERMONT,VT,50,13,6,US PRESIDENT,"BIDEN, JOSEPH R. JR",DEMOCRAT,False,242820,370968,20210113,,DEMOCRAT
4252,2020,VIRGINIA,VA,51,54,40,US PRESIDENT,"BIDEN, JOSEPH R. JR",DEMOCRAT,False,2413568,4460524,20210113,,DEMOCRAT
4256,2020,WASHINGTON,WA,53,91,73,US PRESIDENT,"BIDEN, JOSEPH R. JR",DEMOCRAT,False,2369612,4087631,20210113,,DEMOCRAT
4263,2020,WEST VIRGINIA,WV,54,55,56,US PRESIDENT,"BIDEN, JOSEPH R. JR",DEMOCRAT,False,235984,794652,20210113,,DEMOCRAT
4267,2020,WISCONSIN,WI,55,35,25,US PRESIDENT,"BIDEN, JOSEPH R. JR",DEMOCRAT,False,1630866,3298041,20210113,,DEMOCRAT
4280,2020,WYOMING,WY,56,83,68,US PRESIDENT,"BIDEN, JOSEPH R. JR",DEMOCRAT,False,73491,278503,20210113,,DEMOCRAT
